case,family,representation,kind,n,m,algorithm,passed,retcode,time_ns,memory,allocs,cost,residual,stationarity,feasible,error,samples
ad_exponential_0.2_3,automatic_jacobian,dense,least_squares,3,40,bounded_default,true,Success,179659.0,171888,382,4.437342591868191e-31,4.440892098500626e-16,2.220446049250313e-15,true,,5
ad_exponential_0.2_3,automatic_jacobian,dense,least_squares,3,40,bounded_lm,true,Success,693627.0,367840,4923,1.035379938102578e-30,4.440892098500626e-16,6.217248937900877e-15,true,,5
ad_exponential_0.2_3,automatic_jacobian,dense,least_squares,3,40,bounded_trust_region,true,Success,125069.0,171808,380,4.437342591868191e-31,4.440892098500626e-16,2.220446049250313e-15,true,,5
ad_exponential_0.2_3,automatic_jacobian,dense,least_squares,3,40,dogbox,true,Success,122389.0,72416,827,6.275233854713442e-23,3.0120350658080497e-12,6.122569118360843e-11,true,,5
ad_exponential_0.2_3,automatic_jacobian,dense,least_squares,3,40,gn_hybrid,true,Success,220349.0,142032,2703,3.2047474274603605e-31,4.440892098500626e-16,1.9984014443252818e-15,true,,5
ad_exponential_0.2_3,automatic_jacobian,dense,least_squares,3,40,gn_linesearch,true,Success,572308.0,293760,3012,8.628166150854817e-31,4.440892098500626e-16,7.771561172376096e-16,true,,5
ad_exponential_0.2_3,automatic_jacobian,dense,least_squares,3,40,gn_trustregion,true,Success,218129.0,140656,2679,3.2047474274603605e-31,4.440892098500626e-16,1.9984014443252818e-15,true,,5
ad_exponential_0.2_3,automatic_jacobian,dense,least_squares,3,40,legacy_default,true,Success,1.796322e6,3404384,3472,8.347479856363701e-22,6.460609824898711e-12,2.584179537024056e-10,true,,5
ad_exponential_0.2_3,automatic_jacobian,dense,least_squares,3,40,reflective,true,Success,2.966178e6,1907152,41783,1.4396950568127657e-12,5.579608215455778e-7,4.731133040891677e-9,true,,5
ad_exponential_0.2_3,automatic_jacobian,dense,least_squares,3,40,transformed_lm,true,Success,454708.0,81280,713,2.1205462261252462e-20,6.772093996687545e-11,1.085576073478478e-12,true,,5
ad_exponential_0.2_3,automatic_jacobian,dense,least_squares,3,40,transformed_trust_region,true,Success,572957.0,79600,724,8.347479856363701e-22,6.460609824898711e-12,2.584179537024056e-10,true,,5
ad_exponential_3.0_1,automatic_jacobian,dense,least_squares,3,40,bounded_default,true,Success,116900.0,32832,332,3.31327743168647e-28,5.218048215738236e-15,1.9978463328129692e-13,true,,5
ad_exponential_3.0_1,automatic_jacobian,dense,least_squares,3,40,bounded_lm,true,Success,173849.0,83696,1059,6.608779608507015e-26,8.526512829121202e-14,2.1544432904363475e-12,true,,5
ad_exponential_3.0_1,automatic_jacobian,dense,least_squares,3,40,bounded_trust_region,true,Success,112140.0,32752,330,3.31327743168647e-28,5.218048215738236e-15,1.9978463328129692e-13,true,,5
ad_exponential_3.0_1,automatic_jacobian,dense,least_squares,3,40,dogbox,true,Success,121569.0,72256,823,1.1915596270033452e-19,9.923706301151469e-11,3.788764524337296e-9,true,,5
ad_exponential_3.0_1,automatic_jacobian,dense,least_squares,3,40,gn_hybrid,true,Success,275809.0,169296,3575,8.94186162019661e-29,2.886579864025407e-15,1.0091927293842673e-13,true,,5
ad_exponential_3.0_1,automatic_jacobian,dense,least_squares,3,40,gn_linesearch,true,Success,100129.0,59072,618,2.6066090535160834e-26,5.417888360170764e-14,1.1872169913829111e-12,true,,5
ad_exponential_3.0_1,automatic_jacobian,dense,least_squares,3,40,gn_trustregion,true,Success,285579.0,193264,4389,1.5044196307304806e-22,3.6262104430306863e-12,1.3432688295011985e-10,true,,5
ad_exponential_3.0_1,automatic_jacobian,dense,least_squares,3,40,legacy_default,true,Success,135190.0,39632,360,1.6126564261063493e-20,2.839628532314009e-11,1.3244256802380505e-9,true,,5
ad_exponential_3.0_1,automatic_jacobian,dense,least_squares,3,40,reflective,true,Success,303198.0,188960,2742,1.1948021987517315e-19,1.7242174354947792e-10,6.361370319396542e-10,true,,5
ad_exponential_3.0_1,automatic_jacobian,dense,least_squares,3,40,transformed_lm,true,Success,205719.0,49472,461,6.120936219538154e-23,3.643529922214839e-12,5.4120041781402506e-12,true,,5
ad_exponential_3.0_1,automatic_jacobian,dense,least_squares,3,40,transformed_trust_region,true,Success,133300.0,38688,379,2.6439166276547974e-30,5.551115123125783e-16,1.7208456881689926e-14,true,,5
ad_rosenbrock_100_false_1,automatic_jacobian,dense,root,100,100,bounded_default,true,Success,2.686876e6,279984,117,0.0,0.0,0.0,true,,5
ad_rosenbrock_100_false_1,automatic_jacobian,dense,root,100,100,bounded_lm,true,Success,1.1563004e7,5833248,4171,1.5778135455975776e-20,2.3914203950425872e-11,4.70587568912606e-10,true,,5
ad_rosenbrock_100_false_1,automatic_jacobian,dense,root,100,100,bounded_trust_region,true,Success,2.6872e6,279056,115,0.0,0.0,0.0,true,,5
ad_rosenbrock_100_false_1,automatic_jacobian,dense,root,100,100,dogbox,true,Success,1.1744194e7,6040704,1796,0.0,0.0,0.0,true,,5
ad_rosenbrock_100_false_1,automatic_jacobian,dense,root,100,100,gn_hybrid,true,Success,1.0913476e7,5886048,11080,0.0,0.0,0.0,true,,5
ad_rosenbrock_100_false_1,automatic_jacobian,dense,root,100,100,gn_linesearch,true,Success,7.297041e6,3908288,808,0.0,0.0,0.0,true,,5
ad_rosenbrock_100_false_1,automatic_jacobian,dense,root,100,100,gn_trustregion,true,Success,1.7132342e7,8935152,19442,0.0,0.0,0.0,true,,5
ad_rosenbrock_100_false_1,automatic_jacobian,dense,root,100,100,legacy_default,true,Success,834196.0,611968,136,8.411623414631343e-19,4.827072075386241e-10,9.678189361039813e-9,true,,5
ad_rosenbrock_100_false_1,automatic_jacobian,dense,root,100,100,reflective,true,Success,2.1800324e7,10364800,15850,5.332115746520022e-23,1.3052892100517965e-12,1.179534248052505e-11,true,,5
ad_rosenbrock_100_false_1,automatic_jacobian,dense,root,100,100,transformed_lm,true,Success,2.1249809e7,2415000,479,2.1550723239575236e-21,9.068301665138279e-12,1.793738491073782e-10,true,,5
ad_rosenbrock_100_false_1,automatic_jacobian,dense,root,100,100,transformed_trust_region,true,Success,2.171429e6,324400,152,5.8772340137800135e-19,1.5332624059283262e-10,3.0665239236782327e-9,true,,5
ad_rosenbrock_20_false_1,automatic_jacobian,dense,root,20,20,bounded_default,true,Success,186039.0,21032,115,0.0,0.0,0.0,true,,5
ad_rosenbrock_20_false_1,automatic_jacobian,dense,root,20,20,bounded_lm,true,Success,997546.0,456280,2609,1.785414095644743e-26,4.884981308350689e-14,6.394884621840902e-13,true,,5
ad_rosenbrock_20_false_1,automatic_jacobian,dense,root,20,20,bounded_trust_region,true,Success,181410.0,20808,113,0.0,0.0,0.0,true,,5
ad_rosenbrock_20_false_1,automatic_jacobian,dense,root,20,20,dogbox,true,Success,865997.0,445272,1794,0.0,0.0,0.0,true,,5
ad_rosenbrock_20_false_1,automatic_jacobian,dense,root,20,20,gn_hybrid,true,Success,2.373431e6,1298216,21566,0.0,0.0,0.0,true,,5
ad_rosenbrock_20_false_1,automatic_jacobian,dense,root,20,20,gn_linesearch,true,Success,520358.0,260056,806,0.0,0.0,0.0,true,,5
ad_rosenbrock_20_false_1,automatic_jacobian,dense,root,20,20,gn_trustregion,true,Success,2.161511e6,1286920,21470,0.0,0.0,0.0,true,,5
ad_rosenbrock_20_false_1,automatic_jacobian,dense,root,20,20,legacy_default,true,Success,749897.0,660688,739,1.1757191806099144e-19,1.5334400416122662e-10,3.0668800832245324e-9,true,,5
ad_rosenbrock_20_false_1,automatic_jacobian,dense,root,20,20,reflective,true,Success,1.762753e6,983192,13445,4.24081419224045e-23,2.794431352981519e-12,5.5068394289037315e-11,true,,5
ad_rosenbrock_20_false_1,automatic_jacobian,dense,root,20,20,transformed_lm,true,Success,1.453233e6,263120,473,4.310144647915047e-22,9.068301665138279e-12,1.793738491073782e-10,true,,5
ad_rosenbrock_20_false_1,automatic_jacobian,dense,root,20,20,transformed_trust_region,true,Success,143299.0,33016,146,1.1757191806099144e-19,1.5334400416122662e-10,3.0668800832245324e-9,true,,5
ad_rosenbrock_2_false_1,automatic_jacobian,dense,root,2,2,bounded_default,true,Success,37330.0,6784,112,0.0,0.0,0.0,true,,5
ad_rosenbrock_2_false_1,automatic_jacobian,dense,root,2,2,bounded_lm,true,Success,186159.0,82496,2193,6.224605580259546e-31,1.1102230246251565e-15,2.2315482794965646e-14,true,,5
ad_rosenbrock_2_false_1,automatic_jacobian,dense,root,2,2,bounded_trust_region,true,Success,37720.0,6704,110,0.0,0.0,0.0,true,,5
ad_rosenbrock_2_false_1,automatic_jacobian,dense,root,2,2,dogbox,true,Success,115640.0,68960,1725,0.0,0.0,0.0,true,,5
ad_rosenbrock_2_false_1,automatic_jacobian,dense,root,2,2,gn_hybrid,true,Success,487668.0,329616,10962,0.0,0.0,0.0,true,,5
ad_rosenbrock_2_false_1,automatic_jacobian,dense,root,2,2,gn_linesearch,true,Success,54720.0,32400,761,0.0,0.0,0.0,true,,5
ad_rosenbrock_2_false_1,automatic_jacobian,dense,root,2,2,gn_trustregion,true,Success,624707.0,358768,11979,0.0,0.0,0.0,true,,5
ad_rosenbrock_2_false_1,automatic_jacobian,dense,root,2,2,legacy_default,true,Success,120949.0,405088,689,8.076210037219066e-22,4.0190073491430667e-11,8.038019139178232e-10,true,,5
ad_rosenbrock_2_false_1,automatic_jacobian,dense,root,2,2,reflective,true,Success,649898.0,386736,12471,1.0921158312970838e-24,1.3911094498553211e-12,2.7323143747537415e-11,true,,5
ad_rosenbrock_2_false_1,automatic_jacobian,dense,root,2,2,transformed_lm,true,Success,156430.0,23312,403,4.986305038286558e-19,9.98293891996127e-10,4.80485873310954e-10,true,,5
ad_rosenbrock_2_false_1,automatic_jacobian,dense,root,2,2,transformed_trust_region,true,Success,38510.0,10064,142,8.076210037219066e-22,4.0190073491430667e-11,8.038019139178232e-10,true,,5
ad_rosenbrock_2_true_2,automatic_jacobian,dense,least_squares,2,2,bounded_default,true,Success,28060.0,6832,111,0.125,0.5,0.0,true,,5
ad_rosenbrock_2_true_2,automatic_jacobian,dense,least_squares,2,2,bounded_lm,true,Success,96140.0,43904,1157,0.125,0.5,5.00280400439479e-10,true,,5
ad_rosenbrock_2_true_2,automatic_jacobian,dense,least_squares,2,2,bounded_trust_region,true,Success,27150.0,6752,109,0.125,0.5,0.0,true,,5
ad_rosenbrock_2_true_2,automatic_jacobian,dense,least_squares,2,2,dogbox,true,Success,52910.0,33840,832,0.125,0.5,0.0,true,,5
ad_rosenbrock_2_true_2,automatic_jacobian,dense,least_squares,2,2,gn_hybrid,true,Success,190139.0,126976,4117,0.125,0.5,0.0,true,,5
ad_rosenbrock_2_true_2,automatic_jacobian,dense,least_squares,2,2,gn_linesearch,true,Success,24620.0,17120,392,0.125,0.5,0.0,true,,5
ad_rosenbrock_2_true_2,automatic_jacobian,dense,least_squares,2,2,gn_trustregion,true,Success,348219.0,233184,7818,0.125,0.5,0.0,true,,5
ad_rosenbrock_2_true_2,automatic_jacobian,dense,least_squares,2,2,legacy_default,true,StalledSuccess,4.568698e6,9407664,7391,0.125,0.5,7.993605777301127e-13,true,,5
ad_rosenbrock_2_true_2,automatic_jacobian,dense,least_squares,2,2,reflective,true,Success,480368.0,260576,8517,0.12500000000000755,0.5000000000000151,4.981098589151856e-10,true,,5
ad_rosenbrock_2_true_2,automatic_jacobian,dense,least_squares,2,2,transformed_lm,true,StalledSuccess,856286.0,93776,1762,0.125,0.5,8.881784197001252e-13,true,,5
ad_rosenbrock_2_true_2,automatic_jacobian,dense,least_squares,2,2,transformed_trust_region,true,StalledSuccess,181029.0,2187568,789,0.125,0.5,4.440892098500626e-14,true,,5
bard_1,nonzero_residual_fit,dense,least_squares,3,15,bounded_default,true,Success,44240.0,12128,178,0.0041074386532906175,0.08221605694762002,2.7186015660873863e-9,true,,5
bard_1,nonzero_residual_fit,dense,least_squares,3,15,bounded_lm,true,Success,105200.0,49024,942,0.00410743865329402,0.08221607157835231,5.292629445818875e-9,true,,5
bard_1,nonzero_residual_fit,dense,least_squares,3,15,bounded_trust_region,true,Success,45770.0,12048,176,0.0041074386532906175,0.08221605694762002,2.7186015660873863e-9,true,,5
bard_1,nonzero_residual_fit,dense,least_squares,3,15,dogbox,true,Success,60850.0,33168,573,0.0041074386532906175,0.08221605694762002,2.7186015660873863e-9,true,,5
bard_1,nonzero_residual_fit,dense,least_squares,3,15,gn_hybrid,true,Success,186879.0,64560,1536,0.004107438653290266,0.08221605449940689,2.2638502183980336e-9,true,,5
bard_1,nonzero_residual_fit,dense,least_squares,3,15,gn_linesearch,true,Success,91150.0,31104,500,0.0041074386532906175,0.08221605694762002,2.7186015660873863e-9,true,,5
bard_1,nonzero_residual_fit,dense,least_squares,3,15,gn_trustregion,true,Success,130209.0,62544,1504,0.004107438653290266,0.08221605449940689,2.2638502183980336e-9,true,,5
bard_1,nonzero_residual_fit,dense,least_squares,3,15,legacy_default,true,StalledSuccess,2.05852e6,299328,3780,0.0041074386532894795,0.08221604243401676,2.692707168350239e-13,true,,5
bard_1,nonzero_residual_fit,dense,least_squares,3,15,reflective,true,Success,153740.0,83248,1527,0.004107438653290182,0.0822160538042272,2.129989074006744e-9,true,,5
bard_1,nonzero_residual_fit,dense,least_squares,3,15,transformed_lm,true,StalledSuccess,960346.0,116272,1459,0.0041074386532894795,0.08221604243401676,2.692707168350239e-13,true,,5
bard_1,nonzero_residual_fit,dense,least_squares,3,15,transformed_trust_region,true,StalledSuccess,160009.0,27936,385,0.004107438653289483,0.0822160424340112,3.427813588530171e-15,true,,5
bard_2,nonzero_residual_fit,dense,least_squares,3,15,bounded_default,true,Success,62689.0,13520,196,0.004107438653289497,0.08221604131811655,2.1062374067071232e-10,true,,5
bard_2,nonzero_residual_fit,dense,least_squares,3,15,bounded_lm,true,Success,142089.0,65472,1267,0.004107438653289494,0.08221604155816309,2.0411849988022368e-10,true,,5
bard_2,nonzero_residual_fit,dense,least_squares,3,15,bounded_trust_region,true,Success,63960.0,13440,194,0.004107438653289497,0.08221604131811655,2.1062374067071232e-10,true,,5
bard_2,nonzero_residual_fit,dense,least_squares,3,15,dogbox,true,Success,101700.0,55792,993,0.004107438653289561,0.08221603890929319,6.661211582326132e-10,true,,5
bard_2,nonzero_residual_fit,dense,least_squares,3,15,gn_hybrid,true,Success,273209.0,130576,3497,0.0041074386532894925,0.08221604278555683,6.630540561047837e-11,true,,5
bard_2,nonzero_residual_fit,dense,least_squares,3,15,gn_linesearch,true,Success,86160.0,42960,689,0.004107438653289498,0.0822160409403514,2.8198132717704993e-10,true,,5
bard_2,nonzero_residual_fit,dense,least_squares,3,15,gn_trustregion,true,Success,220219.0,132560,3514,0.0041074386532909185,0.08221602618173646,3.1607698680602425e-9,true,,5
bard_2,nonzero_residual_fit,dense,least_squares,3,15,legacy_default,true,StalledSuccess,2.827016e6,303488,3837,0.00410743865328948,0.08221604243403058,3.552713678800501e-15,true,,5
bard_2,nonzero_residual_fit,dense,least_squares,3,15,reflective,true,Success,192399.0,101328,2261,0.004107438653294481,0.08221607314326856,5.6663072012241855e-9,true,,5
bard_2,nonzero_residual_fit,dense,least_squares,3,15,transformed_lm,true,StalledSuccess,936636.0,119360,1497,0.004107438653289484,0.08221604243402675,4.440892098500626e-14,true,,5
bard_2,nonzero_residual_fit,dense,least_squares,3,15,transformed_trust_region,true,StalledSuccess,166320.0,28256,390,0.004107438653289482,0.0822160424356373,2.928768338961163e-13,true,,5
bard_3,nonzero_residual_fit,dense,least_squares,3,15,bounded_default,true,Success,66929.0,13984,202,0.004107438653289721,0.08221604897888479,1.2310756858369132e-9,true,,5
bard_3,nonzero_residual_fit,dense,least_squares,3,15,bounded_lm,true,Success,294299.0,79104,1546,0.004107438653289757,0.08221604942527705,1.3123531150682766e-9,true,,5
bard_3,nonzero_residual_fit,dense,least_squares,3,15,bounded_trust_region,true,Success,98109.0,13904,200,0.004107438653289721,0.08221604897888479,1.2310756858369132e-9,true,,5
bard_3,nonzero_residual_fit,dense,least_squares,3,15,dogbox,true,Success,114779.0,61776,1077,0.004107438653300908,0.08221599644511052,8.871787082753713e-9,true,,5
bard_3,nonzero_residual_fit,dense,least_squares,3,15,gn_hybrid,true,Success,118830.0,72416,1241,0.004107438653300908,0.08221599644511052,8.871787082753713e-9,true,,5
bard_3,nonzero_residual_fit,dense,least_squares,3,15,gn_linesearch,true,Success,97000.0,54816,878,0.004107438653300908,0.08221599644511052,8.871787082753713e-9,true,,5
bard_3,nonzero_residual_fit,dense,least_squares,3,15,gn_trustregion,true,Success,116690.0,70400,1209,0.004107438653300908,0.08221599644511052,8.871787082753713e-9,true,,5
bard_3,nonzero_residual_fit,dense,least_squares,3,15,legacy_default,true,StalledSuccess,2.457998e6,4524944,5841,0.004107438653289483,0.08221604243401426,4.586608870482678e-14,true,,5
bard_3,nonzero_residual_fit,dense,least_squares,3,15,reflective,true,Success,334589.0,98000,1801,0.004107438653289537,0.0822160451619599,5.13919129474516e-10,true,,5
bard_3,nonzero_residual_fit,dense,least_squares,3,15,transformed_lm,true,StalledSuccess,1.139335e6,145216,1820,0.004107438653289483,0.08221604243401426,4.586608870482678e-14,true,,5
bard_3,nonzero_residual_fit,dense,least_squares,3,15,transformed_trust_region,true,StalledSuccess,165469.0,28576,395,0.004107438653289485,0.0822160428357302,9.02324881479899e-11,true,,5
bard_4,nonzero_residual_fit,dense,least_squares,3,15,bounded_default,true,Success,66620.0,13504,196,0.004107438653291781,0.08221606317880614,3.862386854791566e-9,true,,5
bard_4,nonzero_residual_fit,dense,least_squares,3,15,bounded_lm,true,Success,171029.0,77472,1506,0.004107438653289658,0.08221603677290734,1.0635001768122265e-9,true,,5
bard_4,nonzero_residual_fit,dense,least_squares,3,15,bounded_trust_region,true,Success,63730.0,13424,194,0.004107438653291781,0.08221606317880614,3.862386854791566e-9,true,,5
bard_4,nonzero_residual_fit,dense,least_squares,3,15,dogbox,true,Success,117000.0,65488,1165,0.004107438653290005,0.0822160326746178,1.8501560283823437e-9,true,,5
bard_4,nonzero_residual_fit,dense,least_squares,3,15,gn_hybrid,true,Success,265869.0,170192,4571,0.004107438653289501,0.08221604095072305,2.8002267171700623e-10,true,,5
bard_4,nonzero_residual_fit,dense,least_squares,3,15,gn_linesearch,true,Success,98370.0,54816,878,0.0041074386532895,0.08221604093060642,2.83823409219508e-10,true,,5
bard_4,nonzero_residual_fit,dense,least_squares,3,15,gn_trustregion,true,Success,261639.0,168176,4539,0.004107438653289501,0.08221604095072305,2.8002267171700623e-10,true,,5
bard_4,nonzero_residual_fit,dense,least_squares,3,15,legacy_default,true,StalledSuccess,3.320225e6,5600400,6074,0.004107438653289484,0.08221604243399622,1.6785184353551585e-13,true,,5
bard_4,nonzero_residual_fit,dense,least_squares,3,15,reflective,true,Success,297109.0,164784,3927,0.004107438653289825,0.08221605034910268,1.4860592756349433e-9,true,,5
bard_4,nonzero_residual_fit,dense,least_squares,3,15,transformed_lm,true,StalledSuccess,1.116695e6,135792,1702,0.004107438653289484,0.08221604243399622,1.6785184353551585e-13,true,,5
bard_4,nonzero_residual_fit,dense,least_squares,3,15,transformed_trust_region,true,StalledSuccess,184919.0,30656,425,0.0041074386532894865,0.08221604243401165,2.3869795029440866e-15,true,,5
beale_1,small_dense,dense,least_squares,2,3,bounded_default,true,Success,39780.0,9824,184,2.9582283945787943e-31,4.440892098500626e-16,3.6637359812630166e-15,true,,5
beale_1,small_dense,dense,least_squares,2,3,bounded_lm,true,Success,92510.0,36496,932,1.0846837446788912e-30,1.3322676295501878e-15,4.3298697960381105e-15,true,,5
beale_1,small_dense,dense,least_squares,2,3,bounded_trust_region,true,Success,38410.0,9744,182,2.9582283945787943e-31,4.440892098500626e-16,3.6637359812630166e-15,true,,5
beale_1,small_dense,dense,least_squares,2,3,dogbox,true,Success,50420.0,24096,585,0.0,0.0,0.0,true,,5
beale_1,small_dense,dense,least_squares,2,3,gn_hybrid,true,Success,101779.0,55520,1594,0.0,0.0,0.0,true,,5
beale_1,small_dense,dense,least_squares,2,3,gn_linesearch,true,Success,45690.0,21456,490,0.0,0.0,0.0,true,,5
beale_1,small_dense,dense,least_squares,2,3,gn_trustregion,true,Success,95120.0,53728,1562,0.0,0.0,0.0,true,,5
beale_1,small_dense,dense,least_squares,2,3,legacy_default,true,Success,307439.0,84944,956,1.491496581971875e-21,4.122790997485026e-11,1.9821810859355082e-11,true,,5
beale_1,small_dense,dense,least_squares,2,3,reflective,true,Success,103629.0,49040,1243,2.611676936388417e-19,6.649463202279549e-10,1.87396564932385e-9,true,,5
beale_1,small_dense,dense,least_squares,2,3,transformed_lm,true,Success,150689.0,25376,428,2.4522748172409012e-21,5.2875037681587855e-11,2.532107856723087e-11,true,,5
beale_1,small_dense,dense,least_squares,2,3,transformed_trust_region,true,Success,74190.0,17392,287,1.9721522630525295e-31,4.440892098500626e-16,2.609024107869118e-15,true,,5
beale_2,small_dense,dense,least_squares,2,3,bounded_default,true,Success,48210.0,78992,212,6.930857760346719e-24,2.8137492336099967e-12,1.6258994151030493e-11,true,,5
beale_2,small_dense,dense,least_squares,2,3,bounded_lm,true,Success,120549.0,47792,1234,2.9582283945787943e-31,4.440892098500626e-16,3.6637359812630166e-15,true,,5
beale_2,small_dense,dense,least_squares,2,3,bounded_trust_region,true,Success,45790.0,78912,210,6.930857760346719e-24,2.8137492336099967e-12,1.6258994151030493e-11,true,,5
beale_2,small_dense,dense,least_squares,2,3,dogbox,true,Success,89380.0,111520,1070,0.0,0.0,0.0,true,,5
beale_2,small_dense,dense,least_squares,2,3,gn_hybrid,true,Success,205010.0,186624,3620,2.2186712959340957e-31,4.440892098500626e-16,2.9976021664879227e-15,true,,5
beale_2,small_dense,dense,least_squares,2,3,gn_linesearch,true,Success,64000.0,98464,704,8.963432035573747e-29,9.325873406851315e-15,6.09512440519211e-14,true,,5
beale_2,small_dense,dense,least_squares,2,3,gn_trustregion,true,Success,195639.0,184112,3569,2.465190328815662e-32,2.220446049250313e-16,6.661338147750939e-16,true,,5
beale_2,small_dense,dense,least_squares,2,3,legacy_default,true,Success,452218.0,118208,1518,3.2882069390804805e-25,5.511147094239277e-13,3.724687225314938e-12,true,,5
beale_2,small_dense,dense,least_squares,2,3,reflective,true,Success,218189.0,111936,3294,4.517875952150291e-23,8.348877145181177e-12,1.0379697101825514e-11,true,,5
beale_2,small_dense,dense,least_squares,2,3,transformed_lm,false,StalledSuccess,580497.0,69456,1296,5.601337759906754,2.4999101037698446,3.9999999999926787,true,,5
beale_2,small_dense,dense,least_squares,2,3,transformed_trust_region,true,Success,150669.0,24432,435,3.2882069390804805e-25,5.511147094239277e-13,3.724687225314938e-12,true,,5
beale_3,small_dense,dense,least_squares,2,3,bounded_default,true,Success,49150.0,10256,193,3.2152193787299847e-22,1.566746732351021e-11,1.1992673520921926e-10,true,,5
beale_3,small_dense,dense,least_squares,2,3,bounded_lm,true,Success,226019.0,45904,1194,6.514216807267921e-21,7.964251480530038e-11,5.192529739517227e-10,true,,5
beale_3,small_dense,dense,least_squares,2,3,bounded_trust_region,true,Success,47680.0,10176,191,3.2152193787299847e-22,1.566746732351021e-11,1.1992673520921926e-10,true,,5
beale_3,small_dense,dense,least_squares,2,3,dogbox,true,Success,84739.0,30848,753,1.1832913578315177e-30,8.881784197001252e-16,7.327471962526033e-15,true,,5
beale_3,small_dense,dense,least_squares,2,3,gn_hybrid,true,Success,151959.0,83328,2520,9.397305533445303e-28,2.708944180085382e-14,2.035038804137912e-13,true,,5
beale_3,small_dense,dense,least_squares,2,3,gn_linesearch,true,Success,74610.0,32080,742,1.3718784179859158e-28,1.021405182655144e-14,7.926992395823618e-14,true,,5
beale_3,small_dense,dense,least_squares,2,3,gn_trustregion,true,Success,207179.0,132544,4237,4.935557557321837e-28,1.9761969838327786e-14,1.5082379789532752e-13,true,,5
beale_3,small_dense,dense,least_squares,2,3,legacy_default,true,Success,699737.0,254848,1532,1.4558156834917603e-26,1.1501910535116622e-13,7.857048345272233e-13,true,,5
beale_3,small_dense,dense,least_squares,2,3,reflective,true,Success,158110.0,73152,2086,3.20024844692584e-21,7.357714437716822e-11,2.1059787247423856e-10,true,,5
beale_3,small_dense,dense,least_squares,2,3,transformed_lm,true,Success,244018.0,28864,497,2.898937017296704e-24,1.8332002582610585e-12,7.8026474170656e-13,true,,5
beale_3,small_dense,dense,least_squares,2,3,transformed_trust_region,true,Success,65390.0,16624,271,1.4558156834917603e-26,1.1501910535116622e-13,7.857048345272233e-13,true,,5
brown_1,badly_scaled,dense,least_squares,2,3,bounded_default,true,Success,138350.0,14384,274,9.860761315271616e-32,4.440892098500626e-16,4.4408920985048613e-10,true,,5
brown_1,badly_scaled,dense,least_squares,2,3,bounded_lm,true,Success,269089.0,107936,2857,0.0,0.0,0.0,true,,5
brown_1,badly_scaled,dense,least_squares,2,3,bounded_trust_region,true,Success,101940.0,14304,272,9.860761315271616e-32,4.440892098500626e-16,4.4408920985048613e-10,true,,5
brown_1,badly_scaled,dense,least_squares,2,3,dogbox,true,Success,324569.0,147792,3703,0.0,0.0,0.0,true,,5
brown_1,badly_scaled,dense,least_squares,2,3,gn_hybrid,true,Success,844107.0,539888,17914,0.0,0.0,0.0,true,,5
brown_1,badly_scaled,dense,least_squares,2,3,gn_linesearch,true,Success,34810.0,16144,364,9.860761315271616e-32,4.440892098500626e-16,4.4408920985048613e-10,true,,5
brown_1,badly_scaled,dense,least_squares,2,3,gn_trustregion,true,Success,804396.0,538096,17882,0.0,0.0,0.0,true,,5
brown_1,badly_scaled,dense,least_squares,2,3,legacy_default,true,Success,394538.0,112832,1410,2.9998253614356783e-22,2.4494184458490054e-11,2.000000000024494e-6,true,,5
brown_1,badly_scaled,dense,least_squares,2,3,reflective,true,Success,534398.0,293504,9484,3.348627610194788e-23,8.183675959116954e-12,2.0000000000081835e-6,true,,5
brown_1,badly_scaled,dense,least_squares,2,3,transformed_lm,false,StalledSuccess,892005.0,104000,1988,4.999990000015e11,999999.0,1.0e6,true,,5
brown_1,badly_scaled,dense,least_squares,2,3,transformed_trust_region,true,Success,129619.0,22256,391,2.9998253614356783e-22,2.4494184458490054e-11,2.000000000024494e-6,true,,5
brown_2,badly_scaled,dense,least_squares,2,3,bounded_default,true,Success,35260.0,9520,178,9.860761315271616e-32,4.440892098500626e-16,4.4408920985048613e-10,true,,5
brown_2,badly_scaled,dense,least_squares,2,3,bounded_lm,true,Success,246590.0,90720,2384,1.3721933745588913e-17,5.238689482212067e-9,1.176836406102793e-8,true,,5
brown_2,badly_scaled,dense,least_squares,2,3,bounded_trust_region,true,Success,35149.0,9440,176,9.860761315271616e-32,4.440892098500626e-16,4.4408920985048613e-10,true,,5
brown_2,badly_scaled,dense,least_squares,2,3,dogbox,true,Success,213449.0,122544,3067,0.0,0.0,0.0,true,,5
brown_2,badly_scaled,dense,least_squares,2,3,gn_hybrid,true,Success,863247.0,534480,17974,0.0,0.0,0.0,true,,5
brown_2,badly_scaled,dense,least_squares,2,3,gn_linesearch,true,Success,29110.0,13488,301,1.6190092125011e-24,1.7994494783124537e-12,1.7994494783142532e-6,true,,5
brown_2,badly_scaled,dense,least_squares,2,3,gn_trustregion,true,Success,827267.0,532688,17942,0.0,0.0,0.0,true,,5
brown_2,badly_scaled,dense,least_squares,2,3,legacy_default,true,Success,473038.0,2471856,1735,4.24567404380702e-25,9.2148511043888e-13,9.214851104398015e-7,true,,5
brown_2,badly_scaled,dense,least_squares,2,3,reflective,true,Success,531998.0,309808,9909,3.3073303039886248e-22,2.5718982499256526e-11,2.000000000025719e-6,true,,5
brown_2,badly_scaled,dense,least_squares,2,3,transformed_lm,true,StalledSuccess,776346.0,91072,1722,6.776263578114275e-19,1.1641532182693481e-9,3.996802888652258e-9,true,,5
brown_2,badly_scaled,dense,least_squares,2,3,transformed_trust_region,true,Success,113299.0,21360,372,7.233946995811126e-22,3.803668491286771e-11,2.0000000000380368e-6,true,,5
brown_3,badly_scaled,dense,least_squares,2,3,bounded_default,true,Success,22380.0,8608,160,9.860761315271616e-32,4.440892098500626e-16,4.4408920985048613e-10,true,,5
brown_3,badly_scaled,dense,least_squares,2,3,bounded_lm,true,Success,276929.0,87328,2291,0.0,0.0,0.0,true,,5
brown_3,badly_scaled,dense,least_squares,2,3,bounded_trust_region,true,Success,22190.0,8528,158,9.860761315271616e-32,4.440892098500626e-16,4.4408920985048613e-10,true,,5
brown_3,badly_scaled,dense,least_squares,2,3,dogbox,true,Success,155599.0,88880,2219,0.0,0.0,0.0,true,,5
brown_3,badly_scaled,dense,least_squares,2,3,gn_hybrid,true,Success,787887.0,504160,17079,0.0,0.0,0.0,true,,5
brown_3,badly_scaled,dense,least_squares,2,3,gn_linesearch,true,Success,28650.0,13488,301,9.860761315271616e-32,4.440892098500626e-16,4.4408920985048613e-10,true,,5
brown_3,badly_scaled,dense,least_squares,2,3,gn_trustregion,true,Success,894846.0,502368,17047,0.0,0.0,0.0,true,,5
brown_3,badly_scaled,dense,least_squares,2,3,legacy_default,true,Success,60829.0,20224,254,6.776389490095637e-21,1.1641532182693481e-10,5.01820807131073e-7,true,,5
brown_3,badly_scaled,dense,least_squares,2,3,reflective,true,Success,462588.0,264448,8518,0.0,0.0,0.0,true,,5
brown_3,badly_scaled,dense,least_squares,2,3,transformed_lm,true,Success,108770.0,21968,361,8.892443428797933e-25,1.333599897179738e-12,1.3335998971810717e-6,true,,5
brown_3,badly_scaled,dense,least_squares,2,3,transformed_trust_region,true,Success,61300.0,16240,263,6.776389490095637e-21,1.1641532182693481e-10,5.01820807131073e-7,true,,5
diffusion_1024_false_operator_0.1,diffusion,operator,root,1024,1024,bounded_default,true,Success,2.951166e6,597264,459,2.1265153418677695e-17,5.313302020582e-10,1.3373311347208983e-9,true,,5
diffusion_1024_false_operator_0.1,diffusion,operator,root,1024,1024,bounded_lm,true,Success,7.051824e6,15680984,5658,9.10887826497387e-30,4.440892098500626e-16,1.887379141862766e-15,true,,5
diffusion_1024_false_operator_0.1,diffusion,operator,root,1024,1024,bounded_trust_region,true,Success,2.957139e6,589000,456,2.1265153418677695e-17,5.313302020582e-10,1.3373311347208983e-9,true,,5
diffusion_1024_false_operator_0.1,diffusion,operator,root,1024,1024,dogbox,true,Success,4.710982e6,12091584,4309,2.6838711999090772e-27,9.880984919163893e-15,1.6653345369377348e-14,true,,5
diffusion_1024_false_operator_0.1,diffusion,operator,root,1024,1024,gn_hybrid,true,Success,9.182767e6,23555600,11276,1.0896026437125661e-23,8.977263377119016e-13,1.6681100944992977e-12,true,,5
diffusion_1024_false_operator_0.1,diffusion,operator,root,1024,1024,gn_linesearch,true,Success,4.844803e6,11950104,4228,2.6838711999090772e-27,9.880984919163893e-15,1.6653345369377348e-14,true,,5
diffusion_1024_false_operator_0.1,diffusion,operator,root,1024,1024,gn_trustregion,true,Success,9.628365e6,23496888,11245,1.0896026437125661e-23,8.977263377119016e-13,1.6681100944992977e-12,true,,5
diffusion_1024_false_operator_0.1,diffusion,operator,root,1024,1024,legacy_default,true,Success,6.19540881e8,203772344,85944,1.4739122715514227e-18,5.40005484772621e-10,7.334217677623656e-10,true,,5
diffusion_1024_false_operator_0.1,diffusion,operator,root,1024,1024,reflective,true,Success,1.5190445e7,33315624,14700,2.2148886832416577e-24,2.0461410343841635e-13,2.396971510165713e-13,true,,5
diffusion_1024_false_operator_0.1,diffusion,operator,root,1024,1024,transformed_lm,true,Success,4.19770328e8,2314376,1236,2.3661676878049926e-18,3.7538616659560375e-10,8.646712235105269e-10,true,,5
diffusion_1024_false_operator_0.1,diffusion,operator,root,1024,1024,transformed_trust_region,false,Stalled,6.88601e7,13503352,5664,2.6665435686603565e-17,2.4635071760314986e-9,6.758122728101057e-9,true,,5
diffusion_1024_false_operator_0.9,diffusion,operator,root,1024,1024,bounded_default,true,Success,2.439788e6,535112,419,1.3623293864746954e-19,1.9984236487857743e-10,3.624316402550676e-10,true,,5
diffusion_1024_false_operator_0.9,diffusion,operator,root,1024,1024,bounded_lm,true,Success,7.362493e6,17318232,6200,1.0101117372322175e-29,4.440892098500626e-16,2.1094237467877974e-15,true,,5
diffusion_1024_false_operator_0.9,diffusion,operator,root,1024,1024,bounded_trust_region,true,Success,1.826483e6,526848,416,1.3623293864746954e-19,1.9984236487857743e-10,3.624316402550676e-10,true,,5
diffusion_1024_false_operator_0.9,diffusion,operator,root,1024,1024,dogbox,true,Success,5.053461e6,13090672,4639,2.5773564887767745e-29,1.2212453270876722e-15,2.3314683517128287e-15,true,,5
diffusion_1024_false_operator_0.9,diffusion,operator,root,1024,1024,gn_hybrid,true,Success,7.824562e6,20105224,9355,4.8212035409439e-27,2.1871393585115584e-14,3.297362383136715e-14,true,,5
diffusion_1024_false_operator_0.9,diffusion,operator,root,1024,1024,gn_linesearch,true,Success,4.953132e6,12949160,4558,2.5773564887767745e-29,1.2212453270876722e-15,2.3314683517128287e-15,true,,5
diffusion_1024_false_operator_0.9,diffusion,operator,root,1024,1024,gn_trustregion,true,Success,7.780761e6,20046512,9324,4.8212035409439e-27,2.1871393585115584e-14,3.297362383136715e-14,true,,5
diffusion_1024_false_operator_0.9,diffusion,operator,root,1024,1024,legacy_default,true,Success,6.8454842e7,19743392,8151,4.344597250593833e-18,3.204808640688839e-10,4.677910281358777e-10,true,,5
diffusion_1024_false_operator_0.9,diffusion,operator,root,1024,1024,reflective,true,Success,1.1669548e7,28662360,12307,5.67962657056585e-24,6.717959522006822e-13,7.605027718682322e-13,true,,5
diffusion_1024_false_operator_0.9,diffusion,operator,root,1024,1024,transformed_lm,true,Success,3.74739039e8,2163344,1173,2.3550068732590664e-16,9.084085705879374e-10,1.046810305105339e-9,true,,5
diffusion_1024_false_operator_0.9,diffusion,operator,root,1024,1024,transformed_trust_region,true,Success,3.9103378e7,10960240,4393,4.344597250593833e-18,3.204808640688839e-10,4.677910281358777e-10,true,,5
diffusion_1024_false_sparse_0.1,diffusion,sparse,root,1024,1024,bounded_default,true,Success,1.96191e6,1339800,3463,1.1777446795916825e-29,4.440892098500626e-16,2.1094237467877974e-15,true,,5
diffusion_1024_false_sparse_0.1,diffusion,sparse,root,1024,1024,bounded_lm,true,Success,7.050245e6,10407160,2449,1.0514036752398798e-29,4.440892098500626e-16,1.9984014443252818e-15,true,,5
diffusion_1024_false_sparse_0.1,diffusion,sparse,root,1024,1024,bounded_trust_region,true,Success,2.106272e6,1331280,3460,1.1777446795916825e-29,4.440892098500626e-16,2.1094237467877974e-15,true,,5
diffusion_1024_false_sparse_0.1,diffusion,sparse,root,1024,1024,dogbox,true,Success,5.166411e6,6757168,2027,1.0926956132475421e-29,5.551115123125783e-16,2.1094237467877974e-15,true,,5
diffusion_1024_false_sparse_0.1,diffusion,sparse,root,1024,1024,gn_hybrid,true,Success,8.897408e6,12813072,6501,3.349107148874962e-24,1.525446435834965e-13,1.7896795156957523e-13,true,,5
diffusion_1024_false_sparse_0.1,diffusion,sparse,root,1024,1024,gn_linesearch,true,Success,4.858212e6,6615912,1946,1.0926956132475421e-29,5.551115123125783e-16,2.1094237467877974e-15,true,,5
diffusion_1024_false_sparse_0.1,diffusion,sparse,root,1024,1024,gn_trustregion,true,Success,8.740498e6,12754312,6470,3.349107148874962e-24,1.525446435834965e-13,1.7896795156957523e-13,true,,5
diffusion_1024_false_sparse_0.1,diffusion,sparse,root,1024,1024,legacy_default,true,Success,9.99640758e8,837522296,176701,7.291572350137509e-20,3.0593561017866477e-10,1.0027548791313734e-9,true,,5
diffusion_1024_false_sparse_0.1,diffusion,sparse,root,1024,1024,reflective,true,Success,1.4155469e7,23565080,7719,2.2155468520815965e-24,2.042810365310288e-13,2.3925306180672123e-13,true,,5
diffusion_1024_false_sparse_0.1,diffusion,sparse,root,1024,1024,transformed_lm,true,Success,4.18712595e8,17926392,2740,1.6877078630193696e-20,1.292332907354421e-11,1.5189405289106617e-11,true,,5
diffusion_1024_false_sparse_0.1,diffusion,sparse,root,1024,1024,transformed_trust_region,true,Success,3.328894e6,1633944,3664,7.291572350137509e-20,3.0593561017866477e-10,1.0027548791313734e-9,true,,5
diffusion_1024_false_sparse_0.9,diffusion,sparse,root,1024,1024,bounded_default,true,Success,1.125935e6,1339800,3463,1.9479900515807837e-22,2.39241959576475e-12,2.614686245294706e-12,true,,5
diffusion_1024_false_sparse_0.9,diffusion,sparse,root,1024,1024,bounded_lm,true,Success,6.872175e6,10407032,2449,1.0267517719517232e-29,5.551115123125783e-16,1.9984014443252818e-15,true,,5
diffusion_1024_false_sparse_0.9,diffusion,sparse,root,1024,1024,bounded_trust_region,true,Success,1.207466e6,1331280,3460,1.9479900515807837e-22,2.39241959576475e-12,2.614686245294706e-12,true,,5
diffusion_1024_false_sparse_0.9,diffusion,sparse,root,1024,1024,dogbox,true,Success,4.817352e6,6757168,2027,9.441678959363985e-30,5.551115123125783e-16,2.220446049250313e-15,true,,5
diffusion_1024_false_sparse_0.9,diffusion,sparse,root,1024,1024,gn_hybrid,true,Success,7.490123e6,10983768,5351,1.2855967564773677e-29,5.551115123125783e-16,1.887379141862766e-15,true,,5
diffusion_1024_false_sparse_0.9,diffusion,sparse,root,1024,1024,gn_linesearch,true,Success,4.897672e6,6615912,1946,9.441678959363985e-30,5.551115123125783e-16,2.220446049250313e-15,true,,5
diffusion_1024_false_sparse_0.9,diffusion,sparse,root,1024,1024,gn_trustregion,true,Success,7.463133e6,10925024,5320,1.2855967564773677e-29,5.551115123125783e-16,1.887379141862766e-15,true,,5
diffusion_1024_false_sparse_0.9,diffusion,sparse,root,1024,1024,legacy_default,true,Success,2.318679e6,1518680,3632,2.545522532401899e-22,1.791866655054264e-11,6.658662510261593e-11,true,,5
diffusion_1024_false_sparse_0.9,diffusion,sparse,root,1024,1024,reflective,true,Success,1.1204249e7,18469928,6104,5.67729686093453e-24,6.713518629908322e-13,7.599476603559197e-13,true,,5
diffusion_1024_false_sparse_0.9,diffusion,sparse,root,1024,1024,transformed_lm,true,Success,4.42509907e8,16218096,2566,2.413517084955224e-16,9.028366942942512e-10,1.033381491488683e-9,true,,5
diffusion_1024_false_sparse_0.9,diffusion,sparse,root,1024,1024,transformed_trust_region,true,Success,3.94506e6,1633880,3664,2.032007077053731e-18,1.1200551597312369e-10,1.3090772910118176e-10,true,,5
diffusion_1024_true_operator_0.1,diffusion,operator,least_squares,1024,1024,bounded_default,true,Success,4.6857088e7,4915232,3125,0.2051194258713451,0.043734928322829214,1.4025736905232122e-8,true,,5
diffusion_1024_true_operator_0.1,diffusion,operator,least_squares,1024,1024,bounded_lm,true,Success,5.7278537e8,1012944360,2232970,0.20511942587134435,0.043734927630754816,7.2973402875931015e-9,true,,5
diffusion_1024_true_operator_0.1,diffusion,operator,least_squares,1024,1024,bounded_trust_region,true,Success,4.6515725e7,4906552,3122,0.2051194258713451,0.043734928322829214,1.4025736905232122e-8,true,,5
diffusion_1024_true_operator_0.1,diffusion,operator,least_squares,1024,1024,dogbox,true,Success,5.32654184e8,1106900952,378085,0.2051194258713444,0.04373492814347668,3.2141935779606e-9,true,,5
diffusion_1024_true_operator_0.1,diffusion,operator,least_squares,1024,1024,gn_hybrid,true,Success,1.0614005e7,26844648,13273,0.20511942587134466,0.04373492737430795,6.732822299682084e-9,true,,5
diffusion_1024_true_operator_0.1,diffusion,operator,least_squares,1024,1024,gn_linesearch,true,Success,4.372226e6,11475792,4092,0.2051194258713441,0.043734928093453584,2.067630289204203e-9,true,,5
diffusion_1024_true_operator_0.1,diffusion,operator,least_squares,1024,1024,gn_trustregion,true,Success,1.0853415e7,26785936,13242,0.20511942587134466,0.04373492737430795,6.732822299682084e-9,true,,5
diffusion_1024_true_operator_0.1,diffusion,operator,least_squares,1024,1024,legacy_default,true,StalledSuccess,9.017041495e10,1369080184,556888,0.2051194258713652,0.043734928143909224,2.210479355113648e-9,true,,1
diffusion_1024_true_operator_0.1,diffusion,operator,least_squares,1024,1024,reflective,true,Success,3.3476143e7,56019744,30344,0.2051194258713784,0.04373492712022764,1.3712685875688635e-8,true,,5
diffusion_1024_true_operator_0.1,diffusion,operator,least_squares,1024,1024,transformed_lm,false,MaxIters,4.1919686618e10,159476280,71655,0.20511996762680143,0.04373495818863837,1.730987020387431e-8,true,,2
diffusion_1024_true_operator_0.1,diffusion,operator,least_squares,1024,1024,transformed_trust_region,false,MaxIters,1.334487739e9,372341144,148196,0.20511964988625897,0.0437349419950368,1.2020478834529058e-8,true,,5
diffusion_1024_true_operator_0.9,diffusion,operator,least_squares,1024,1024,bounded_default,true,Success,5.7181337e7,4666688,2971,0.2051194258713447,0.043734929010377455,1.3412397081857819e-8,true,,5
diffusion_1024_true_operator_0.9,diffusion,operator,least_squares,1024,1024,bounded_lm,true,Success,5.69996661e8,1023390680,2235865,0.20511942587134413,0.04373492747100083,1.0784709236766332e-8,true,,5
diffusion_1024_true_operator_0.9,diffusion,operator,least_squares,1024,1024,bounded_trust_region,true,Success,4.5168932e7,4658040,2968,0.2051194258713447,0.043734929010377455,1.3412397081857819e-8,true,,5
diffusion_1024_true_operator_0.9,diffusion,operator,least_squares,1024,1024,dogbox,true,Success,5.71033134e8,1156395064,394433,0.20511942587134427,0.043734927665831425,5.346606268830101e-9,true,,5
diffusion_1024_true_operator_0.9,diffusion,operator,least_squares,1024,1024,gn_hybrid,true,Success,8.837251e6,22935936,11130,0.2051194258713443,0.043734928012153285,3.926220237815414e-9,true,,5
diffusion_1024_true_operator_0.9,diffusion,operator,least_squares,1024,1024,gn_linesearch,true,Success,4.400566e6,11475824,4092,0.2051194258713442,0.043734928296542686,1.8627117626124345e-9,true,,5
diffusion_1024_true_operator_0.9,diffusion,operator,least_squares,1024,1024,gn_trustregion,true,Success,9.00499e6,22877224,11099,0.2051194258713443,0.043734928012153285,3.926220237815414e-9,true,,5
diffusion_1024_true_operator_0.9,diffusion,operator,least_squares,1024,1024,legacy_default,true,StalledSuccess,9.7544053587e10,1216193312,503634,0.20511942594981136,0.0437349281121342,3.921133640005792e-9,true,,1
diffusion_1024_true_operator_0.9,diffusion,operator,least_squares,1024,1024,reflective,true,Success,3.066523e7,57474568,22172,0.2051194258713919,0.04373492759499431,1.3889490113605518e-8,true,,5
diffusion_1024_true_operator_0.9,diffusion,operator,least_squares,1024,1024,transformed_lm,false,MaxIters,4.3959257881e10,159478656,71660,0.2051199748370977,0.04373496113018005,1.8004534775869665e-8,true,,2
diffusion_1024_true_operator_0.9,diffusion,operator,least_squares,1024,1024,transformed_trust_region,false,MaxIters,1.708779333e9,463369128,181230,0.2051196046585247,0.04373494045761128,8.142962637514017e-9,true,,5
diffusion_1024_true_sparse_0.1,diffusion,sparse,least_squares,1024,1024,bounded_default,true,Success,2.6042281e7,1339864,3461,0.20511942587134507,0.04373492832279635,1.4025788086513558e-8,true,,5
diffusion_1024_true_sparse_0.1,diffusion,sparse,least_squares,1024,1024,bounded_lm,true,Success,5.51604294e8,687843200,2000420,0.20511942587134416,0.04373492811135615,1.4140022486230919e-11,true,,5
diffusion_1024_true_sparse_0.1,diffusion,sparse,least_squares,1024,1024,bounded_trust_region,true,Success,1.8520392e7,1331344,3458,0.20511942587134507,0.04373492832279635,1.4025788086513558e-8,true,,5
diffusion_1024_true_sparse_0.1,diffusion,sparse,least_squares,1024,1024,dogbox,true,Success,3.86710318e8,507087088,114597,0.2051194258713442,0.04373492810679336,7.233458276800775e-11,true,,5
diffusion_1024_true_sparse_0.1,diffusion,sparse,least_squares,1024,1024,gn_hybrid,true,Success,1.0125442e7,15595920,8132,0.2051194258713442,0.04373492811139745,1.371069924260837e-10,true,,5
diffusion_1024_true_sparse_0.1,diffusion,sparse,least_squares,1024,1024,gn_linesearch,true,Success,5.522429e6,7529968,2272,0.20511942587134419,0.04373492811196389,1.417508332934858e-10,true,,5
diffusion_1024_true_sparse_0.1,diffusion,sparse,least_squares,1024,1024,gn_trustregion,true,Success,1.066684e7,15537192,8101,0.2051194258713442,0.04373492811139745,1.371069924260837e-10,true,,5
diffusion_1024_true_sparse_0.1,diffusion,sparse,least_squares,1024,1024,legacy_default,false,MaxIters,4.6482114044e10,2868802192,425183,0.2051194258713438,0.0437349281119086,3.3006930522105904e-13,true,,2
diffusion_1024_true_sparse_0.1,diffusion,sparse,least_squares,1024,1024,reflective,true,Success,2.0933163e7,33704456,17099,0.20511942587167398,0.04373492811208868,1.3217626992911846e-10,true,,5
diffusion_1024_true_sparse_0.1,diffusion,sparse,least_squares,1024,1024,transformed_lm,false,MaxIters,4.08593265485e10,1633781264,182940,0.2051194258713438,0.0437349281119086,3.3006930522105904e-13,true,,2
diffusion_1024_true_sparse_0.1,diffusion,sparse,least_squares,1024,1024,transformed_trust_region,true,StalledSuccess,2.60495303e8,203300432,36277,0.20511942587452842,0.04373492811254365,1.9285129049251282e-11,true,,5
diffusion_1024_true_sparse_0.9,diffusion,sparse,least_squares,1024,1024,bounded_default,true,Success,2.4847757e7,1339864,3461,0.20511942587134477,0.043734927290127956,1.4263786596302452e-8,true,,5
diffusion_1024_true_sparse_0.9,diffusion,sparse,least_squares,1024,1024,bounded_lm,true,Success,5.4397717e8,687563728,1999949,0.20511942587134407,0.04373492806186996,1.7528312135084434e-10,true,,5
diffusion_1024_true_sparse_0.9,diffusion,sparse,least_squares,1024,1024,bounded_trust_region,true,Success,1.9131729e7,1331376,3458,0.20511942587134477,0.043734927290127956,1.4263786596302452e-8,true,,5
diffusion_1024_true_sparse_0.9,diffusion,sparse,least_squares,1024,1024,dogbox,true,Success,3.94829842e8,507042216,114251,0.20511942587134424,0.04373492811174651,1.707578523024722e-11,true,,5
diffusion_1024_true_sparse_0.9,diffusion,sparse,least_squares,1024,1024,gn_hybrid,true,Success,9.033036e6,13797440,6933,0.20511942587134402,0.043734928110128246,5.237954514569765e-11,true,,5
diffusion_1024_true_sparse_0.9,diffusion,sparse,least_squares,1024,1024,gn_linesearch,true,Success,5.073201e6,7548704,2272,0.20511942587134405,0.04373492809448831,1.4434553552433727e-10,true,,5
diffusion_1024_true_sparse_0.9,diffusion,sparse,least_squares,1024,1024,gn_trustregion,true,Success,9.178125e6,13738728,6902,0.20511942587134402,0.043734928110128246,5.237954514569765e-11,true,,5
diffusion_1024_true_sparse_0.9,diffusion,sparse,least_squares,1024,1024,legacy_default,false,MaxIters,4.5227724447e10,2144919968,274633,0.20511942587134394,0.04373492811188684,3.9390712913700554e-13,true,,2
diffusion_1024_true_sparse_0.9,diffusion,sparse,least_squares,1024,1024,reflective,true,Success,4.0049041e7,33493768,16321,0.2051194258713681,0.04373492811180668,1.180677777767869e-11,true,,5
diffusion_1024_true_sparse_0.9,diffusion,sparse,least_squares,1024,1024,transformed_lm,false,MaxIters,4.1818415522e10,1627184624,182942,0.20511942587134394,0.04373492811188684,3.9390712913700554e-13,true,,2
diffusion_1024_true_sparse_0.9,diffusion,sparse,least_squares,1024,1024,transformed_trust_region,true,StalledSuccess,3.52990283e8,281237224,48751,0.20511942587342397,0.04373492811188329,2.1720403253766563e-12,true,,5
diffusion_256_false_operator_0.1,diffusion,operator,root,256,256,bounded_default,true,Success,820066.0,171568,463,6.24078575628965e-18,4.140912057692958e-10,4.841597123217412e-10,true,,5
diffusion_256_false_operator_0.1,diffusion,operator,root,256,256,bounded_lm,true,Success,2.351642e6,4151368,5808,2.7795020957396588e-30,4.440892098500626e-16,1.7763568394002505e-15,true,,5
diffusion_256_false_operator_0.1,diffusion,operator,root,256,256,bounded_trust_region,true,Success,823517.0,169448,460,6.24078575628965e-18,4.140912057692958e-10,4.841597123217412e-10,true,,5
diffusion_256_false_operator_0.1,diffusion,operator,root,256,256,dogbox,true,Success,1.618934e6,3179216,4401,8.572452849423583e-28,5.551115123125783e-15,7.882583474838611e-15,true,,5
diffusion_256_false_operator_0.1,diffusion,operator,root,256,256,gn_hybrid,true,Success,2.77309e6,5353368,9551,9.328035457061132e-23,1.2827516826519059e-12,2.0514701049023643e-12,true,,5
diffusion_256_false_operator_0.1,diffusion,operator,root,256,256,gn_linesearch,true,Success,1.624164e6,3142344,4320,8.572452849423583e-28,5.551115123125783e-15,7.882583474838611e-15,true,,5
diffusion_256_false_operator_0.1,diffusion,operator,root,256,256,gn_trustregion,true,Success,2.76065e6,5337888,9520,9.328035457061132e-23,1.2827516826519059e-12,2.0514701049023643e-12,true,,5
diffusion_256_false_operator_0.1,diffusion,operator,root,256,256,legacy_default,true,Success,3.7978235e7,11235056,17377,5.301872507236865e-18,5.754868803720115e-10,1.0260889915514326e-9,true,,5
diffusion_256_false_operator_0.1,diffusion,operator,root,256,256,reflective,true,Success,6.767556e6,7668352,12696,5.721477016547731e-23,2.033151424996049e-12,2.3846480345923737e-12,true,,5
diffusion_256_false_operator_0.1,diffusion,operator,root,256,256,transformed_lm,true,Success,3.6611062e7,632072,1236,4.432144895464782e-18,3.6509262280048915e-10,5.623221888129137e-10,true,,5
diffusion_256_false_operator_0.1,diffusion,operator,root,256,256,transformed_trust_region,false,Stalled,1.1263585e7,3500488,5636,2.2276121918260248e-17,1.266960203416545e-9,1.488670853255769e-9,true,,5
diffusion_256_false_operator_0.9,diffusion,operator,root,256,256,bounded_default,true,Success,758996.0,162960,449,8.466068511462499e-19,3.888102062532539e-10,1.3105170282301515e-9,true,,5
diffusion_256_false_operator_0.9,diffusion,operator,root,256,256,bounded_lm,true,Success,3.124429e6,4913232,7488,4.025439122234849e-19,2.520491593216434e-10,5.491792576250987e-10,true,,5
diffusion_256_false_operator_0.9,diffusion,operator,root,256,256,bounded_trust_region,true,Success,520238.0,160840,446,8.466068511462499e-19,3.888102062532539e-10,1.3105170282301515e-9,true,,5
diffusion_256_false_operator_0.9,diffusion,operator,root,256,256,dogbox,false,Stalled,1.348355e6,2660384,3729,4.7846749222293104e-17,1.899009727246437e-9,2.153780154223739e-9,true,,5
diffusion_256_false_operator_0.9,diffusion,operator,root,256,256,gn_hybrid,true,Success,2.323052e6,4472496,7616,2.1925679502100906e-25,1.5998313784848506e-13,2.2859492077031973e-13,true,,5
diffusion_256_false_operator_0.9,diffusion,operator,root,256,256,gn_linesearch,true,Success,1.713494e6,3303040,4708,4.632958772007023e-19,2.534601417636395e-10,4.9465542772964e-10,true,,5
diffusion_256_false_operator_0.9,diffusion,operator,root,256,256,gn_trustregion,true,Success,2.298782e6,4456984,7585,2.1925679502100906e-25,1.5998313784848506e-13,2.2859492077031973e-13,true,,5
diffusion_256_false_operator_0.9,diffusion,operator,root,256,256,legacy_default,true,Success,1.7230327e7,5092248,8076,5.3124493300184085e-18,5.268478986408809e-10,9.070312279035875e-10,true,,5
diffusion_256_false_operator_0.9,diffusion,operator,root,256,256,reflective,true,Success,3.421448e6,6478576,10319,6.457152020489992e-21,3.692479655370562e-11,5.25733900857972e-11,true,,5
diffusion_256_false_operator_0.9,diffusion,operator,root,256,256,transformed_lm,true,Success,2.6590741e7,597776,1173,6.196636434448708e-17,9.938866396552726e-10,1.1622471873806717e-9,true,,5
diffusion_256_false_operator_0.9,diffusion,operator,root,256,256,transformed_trust_region,true,Success,1.037747e7,2816432,4345,5.3124493300184085e-18,5.268478986408809e-10,9.070312279035875e-10,true,,5
diffusion_256_false_sparse_0.1,diffusion,sparse,root,256,256,bounded_default,true,Success,380608.0,199448,903,1.716413630347561e-23,8.056888489704761e-13,9.426903702092204e-13,true,,5
diffusion_256_false_sparse_0.1,diffusion,sparse,root,256,256,bounded_lm,true,Success,2.002943e6,2265056,1905,3.2910290889689086e-30,4.440892098500626e-16,1.9984014443252818e-15,true,,5
diffusion_256_false_sparse_0.1,diffusion,sparse,root,256,256,bounded_trust_region,true,Success,374628.0,197296,900,1.716413630347561e-23,8.056888489704761e-13,9.426903702092204e-13,true,,5
diffusion_256_false_sparse_0.1,diffusion,sparse,root,256,256,dogbox,true,Success,669218.0,1356744,1483,2.3296048607308005e-30,4.440892098500626e-16,1.5543122344752192e-15,true,,5
diffusion_256_false_sparse_0.1,diffusion,sparse,root,256,256,gn_hybrid,true,Success,1.122466e6,1917856,4451,7.388032215635826e-23,1.4522827385121673e-12,1.698530205374027e-12,true,,5
diffusion_256_false_sparse_0.1,diffusion,sparse,root,256,256,gn_linesearch,true,Success,646297.0,1320128,1402,2.3296048607308005e-30,4.440892098500626e-16,1.5543122344752192e-15,true,,5
diffusion_256_false_sparse_0.1,diffusion,sparse,root,256,256,gn_trustregion,true,Success,1.111656e6,1902312,4420,7.388032215635826e-23,1.4522827385121673e-12,1.698530205374027e-12,true,,5
diffusion_256_false_sparse_0.1,diffusion,sparse,root,256,256,legacy_default,true,Success,6.836136e6,30918656,9061,1.0774277064774802e-17,7.718615746554747e-10,9.039456960735492e-10,true,,5
diffusion_256_false_sparse_0.1,diffusion,sparse,root,256,256,reflective,true,Success,3.986326e6,3258760,5252,5.721668621000848e-23,2.032041201971424e-12,2.382316566240661e-12,true,,5
diffusion_256_false_sparse_0.1,diffusion,sparse,root,256,256,transformed_lm,true,Success,2.8467432e7,1590928,1170,4.197045104976027e-21,1.2839840302092398e-11,1.5053402968590035e-11,true,,5
diffusion_256_false_sparse_0.1,diffusion,sparse,root,256,256,transformed_trust_region,true,Success,675296.0,285144,1104,1.0774277064774802e-17,7.718615746554747e-10,9.039456960735492e-10,true,,5
diffusion_256_false_sparse_0.9,diffusion,sparse,root,256,256,bounded_default,true,Success,277518.0,199448,903,3.42479827322853e-23,1.8226531395271195e-12,2.063460513568316e-12,true,,5
diffusion_256_false_sparse_0.9,diffusion,sparse,root,256,256,bounded_lm,true,Success,2.022693e6,2265056,1905,2.662405555120915e-30,4.440892098500626e-16,1.7763568394002505e-15,true,,5
diffusion_256_false_sparse_0.9,diffusion,sparse,root,256,256,bounded_trust_region,true,Success,275549.0,197296,900,3.42479827322853e-23,1.8226531395271195e-12,2.063460513568316e-12,true,,5
diffusion_256_false_sparse_0.9,diffusion,sparse,root,256,256,dogbox,true,Success,673218.0,1356744,1483,2.4528643771715836e-30,4.440892098500626e-16,1.6653345369377348e-15,true,,5
diffusion_256_false_sparse_0.9,diffusion,sparse,root,256,256,gn_hybrid,true,Success,1.204966e6,1718616,3472,8.854248755910501e-27,2.55351295663786e-14,2.8754776337791554e-14,true,,5
diffusion_256_false_sparse_0.9,diffusion,sparse,root,256,256,gn_linesearch,true,Success,899227.0,1320128,1402,2.4528643771715836e-30,4.440892098500626e-16,1.6653345369377348e-15,true,,5
diffusion_256_false_sparse_0.9,diffusion,sparse,root,256,256,gn_trustregion,true,Success,965177.0,1703072,3441,8.854248755910501e-27,2.55351295663786e-14,2.8754776337791554e-14,true,,5
diffusion_256_false_sparse_0.9,diffusion,sparse,root,256,256,legacy_default,true,Success,489518.0,255960,1072,4.490103749857395e-22,2.5147550708481958e-11,9.360223707233217e-11,true,,5
diffusion_256_false_sparse_0.9,diffusion,sparse,root,256,256,reflective,true,Success,2.80238e6,2808856,3965,6.456733336317798e-21,3.692224304074898e-11,5.257194679586519e-11,true,,5
diffusion_256_false_sparse_0.9,diffusion,sparse,root,256,256,transformed_lm,true,Success,2.5937464e7,1588808,1167,6.073000821227639e-17,9.056410066321519e-10,1.0369127778631082e-9,true,,5
diffusion_256_false_sparse_0.9,diffusion,sparse,root,256,256,transformed_trust_region,true,Success,716257.0,285144,1104,2.4122565294801676e-27,7.882583474838611e-15,9.992007221626409e-15,true,,5
diffusion_256_true_operator_0.1,diffusion,operator,least_squares,256,256,bounded_default,true,Success,1.2595838e7,1474016,3125,0.05166996209547833,0.043675039557639295,1.2278940531018634e-8,true,,5
diffusion_256_true_operator_0.1,diffusion,operator,least_squares,256,256,bounded_lm,true,Success,4.2207839e7,70872696,195144,0.05166996209547826,0.043675040202279414,5.506528233389929e-9,true,,5
diffusion_256_true_operator_0.1,diffusion,operator,least_squares,256,256,bounded_trust_region,true,Success,1.2836054e7,1471768,3122,0.05166996209547833,0.043675039557639295,1.2278940531018634e-8,true,,5
diffusion_256_true_operator_0.1,diffusion,operator,least_squares,256,256,dogbox,true,Success,3.884301e7,73059000,97397,0.05166996209547826,0.04367503960970809,3.1633460295665827e-9,true,,5
diffusion_256_true_operator_0.1,diffusion,operator,least_squares,256,256,gn_hybrid,true,Success,3.386568e6,6238624,11518,0.05166996209547824,0.04367503884553714,5.251402535044747e-9,true,,5
diffusion_256_true_operator_0.1,diffusion,operator,least_squares,256,256,gn_linesearch,true,Success,1.575065e6,2975360,4122,0.05166996209547825,0.043675039500271184,2.0857241489480316e-9,true,,5
diffusion_256_true_operator_0.1,diffusion,operator,least_squares,256,256,gn_trustregion,true,Success,3.191589e6,6223112,11487,0.05166996209547824,0.04367503884553714,5.251402535044747e-9,true,,5
diffusion_256_true_operator_0.1,diffusion,operator,least_squares,256,256,legacy_default,true,StalledSuccess,6.589488694e9,294217208,461436,0.05166996226018093,0.04367503949558693,3.3001805732624234e-9,true,,5
diffusion_256_true_operator_0.1,diffusion,operator,least_squares,256,256,reflective,true,Success,6.912715e6,13363312,20279,0.051669962095484696,0.04367503904889358,1.2800593474082689e-8,true,,5
diffusion_256_true_operator_0.1,diffusion,operator,least_squares,256,256,transformed_lm,false,MaxIters,2.887688724e9,42220824,71655,0.05167009706263172,0.04367506866537041,1.7107012029171642e-8,true,,5
diffusion_256_true_operator_0.1,diffusion,operator,least_squares,256,256,transformed_trust_region,false,MaxIters,2.91555422e8,80277360,125683,0.051670040988923485,0.04367505558836382,1.2278583594316217e-8,true,,5
diffusion_256_true_operator_0.9,diffusion,operator,least_squares,256,256,bounded_default,true,Success,1.1776711e7,1379000,2933,0.05166996209547839,0.04367504039619097,1.352520950792524e-8,true,,5
diffusion_256_true_operator_0.9,diffusion,operator,least_squares,256,256,bounded_lm,true,Success,3.903361e7,70203624,194179,0.051669962095478215,0.04367503907314085,3.4348360822278323e-9,true,,5
diffusion_256_true_operator_0.9,diffusion,operator,least_squares,256,256,bounded_trust_region,true,Success,1.2232495e7,1376752,2930,0.05166996209547839,0.04367504039619097,1.352520950792524e-8,true,,5
diffusion_256_true_operator_0.9,diffusion,operator,least_squares,256,256,dogbox,true,Success,5.001759e7,76516056,101851,0.05166996209547823,0.0436750384360558,4.721435353793879e-9,true,,5
diffusion_256_true_operator_0.9,diffusion,operator,least_squares,256,256,gn_hybrid,true,Success,3.810607e6,7387296,12299,0.05166996209547816,0.04367503922262128,3.1625535523716053e-9,true,,5
diffusion_256_true_operator_0.9,diffusion,operator,least_squares,256,256,gn_linesearch,true,Success,1.553265e6,2949776,4090,0.051669962095478215,0.04367503973436038,1.857998421783691e-9,true,,5
diffusion_256_true_operator_0.9,diffusion,operator,least_squares,256,256,gn_trustregion,true,Success,3.906426e6,7371752,12268,0.05166996209547816,0.04367503922262128,3.1625535523716053e-9,true,,5
diffusion_256_true_operator_0.9,diffusion,operator,least_squares,256,256,legacy_default,true,StalledSuccess,5.75706748e9,156907384,254756,0.051669962098708964,0.04367503951353746,6.815092934431277e-11,true,,5
diffusion_256_true_operator_0.9,diffusion,operator,least_squares,256,256,reflective,true,Success,7.348844e6,13967960,20301,0.051669962095486875,0.043675039598690235,4.537473841104145e-9,true,,5
diffusion_256_true_operator_0.9,diffusion,operator,least_squares,256,256,transformed_lm,false,MaxIters,2.761566885e9,42221424,71658,0.051670098601570104,0.04367507167774032,1.7474426903499537e-8,true,,5
diffusion_256_true_operator_0.9,diffusion,operator,least_squares,256,256,transformed_trust_region,false,MaxIters,2.20876414e8,63645880,102134,0.051670015651173226,0.043675052510852685,1.2292528017814112e-8,true,,5
diffusion_256_true_sparse_0.1,diffusion,sparse,least_squares,256,256,bounded_default,true,Success,2.607697e6,199512,901,0.051669962095478326,0.043675039557620865,1.2278949523825133e-8,true,,5
diffusion_256_true_sparse_0.1,diffusion,sparse,least_squares,256,256,bounded_lm,true,Success,3.1562479e7,14808896,115780,0.05166996209547824,0.04367503951467255,2.9352409391947276e-11,true,,5
diffusion_256_true_sparse_0.1,diffusion,sparse,least_squares,256,256,bounded_trust_region,true,Success,2.67251e6,197360,898,0.051669962095478326,0.043675039557620865,1.2278949523825133e-8,true,,5
diffusion_256_true_sparse_0.1,diffusion,sparse,least_squares,256,256,dogbox,true,Success,1.3194463e7,11950608,15304,0.051669962095478195,0.04367503950645757,7.166389703883169e-11,true,,5
diffusion_256_true_sparse_0.1,diffusion,sparse,least_squares,256,256,gn_hybrid,true,Success,1.762294e6,2247896,5685,0.05166996209547815,0.04367503951253693,1.0592127175357291e-10,true,,5
diffusion_256_true_sparse_0.1,diffusion,sparse,least_squares,256,256,gn_linesearch,true,Success,1.043897e6,1419640,1531,0.05166996209547821,0.04367503951311891,1.415364492274307e-10,true,,5
diffusion_256_true_sparse_0.1,diffusion,sparse,least_squares,256,256,gn_trustregion,true,Success,1.821524e6,2232384,5654,0.05166996209547815,0.04367503951253693,1.0592127175357291e-10,true,,5
diffusion_256_true_sparse_0.1,diffusion,sparse,least_squares,256,256,legacy_default,false,MaxIters,3.560746794e9,795604656,183264,0.05166996209547804,0.04367503951304319,2.4513724383723456e-13,true,,5
diffusion_256_true_sparse_0.1,diffusion,sparse,least_squares,256,256,reflective,true,Success,5.274732e6,4028640,6169,0.05166996211541504,0.043675039513610736,5.3241133723958e-10,true,,5
diffusion_256_true_sparse_0.1,diffusion,sparse,least_squares,256,256,transformed_lm,false,MaxIters,2.792773005e9,5625104,3241,0.05166996209547804,0.04367503951304319,2.4513724383723456e-13,true,,5
diffusion_256_true_sparse_0.1,diffusion,sparse,least_squares,256,256,transformed_trust_region,false,StalledSuccess,1.969901e6,325528,1156,0.30166792359682404,0.11191841670879632,0.1277968557197794,true,,5
diffusion_256_true_sparse_0.9,diffusion,sparse,least_squares,256,256,bounded_default,true,Success,2.493808e6,199512,901,0.051669962095478354,0.043675038904428254,1.3764259287896152e-8,true,,5
diffusion_256_true_sparse_0.9,diffusion,sparse,least_squares,256,256,bounded_lm,true,Success,3.1093739e7,14809776,115669,0.05166996209547823,0.043675039483352274,1.093816148767246e-10,true,,5
diffusion_256_true_sparse_0.9,diffusion,sparse,least_squares,256,256,bounded_trust_region,true,Success,2.584041e6,197360,898,0.051669962095478354,0.043675038904428254,1.3764259287896152e-8,true,,5
diffusion_256_true_sparse_0.9,diffusion,sparse,least_squares,256,256,dogbox,true,Success,1.3596492e7,11951120,15304,0.05166996209547814,0.04367503951296725,2.188094150312736e-11,true,,5
diffusion_256_true_sparse_0.9,diffusion,sparse,least_squares,256,256,gn_hybrid,true,Success,1.829124e6,2303744,5024,0.05166996209547865,0.04367503801759365,1.3951604871387246e-8,true,,5
diffusion_256_true_sparse_0.9,diffusion,sparse,least_squares,256,256,gn_linesearch,true,Success,926176.0,1419800,1531,0.05166996209547823,0.043675039492789836,1.4410539428411084e-10,true,,5
diffusion_256_true_sparse_0.9,diffusion,sparse,least_squares,256,256,gn_trustregion,true,Success,1.807574e6,2288232,4993,0.05166996209547865,0.04367503801759365,1.3951604871387246e-8,true,,5
diffusion_256_true_sparse_0.9,diffusion,sparse,least_squares,256,256,legacy_default,false,MaxIters,3.075596213e9,223834112,31360,0.051669962095478056,0.04367503951299567,2.573496971081113e-13,true,,5
diffusion_256_true_sparse_0.9,diffusion,sparse,least_squares,256,256,reflective,true,Success,5.086341e6,3958016,5320,0.051669962095671464,0.04367503951271634,9.875500417422245e-11,true,,5
diffusion_256_true_sparse_0.9,diffusion,sparse,least_squares,256,256,transformed_lm,false,MaxIters,2.943693753e9,5594152,3202,0.051669962095478056,0.04367503951299567,2.573496971081113e-13,true,,5
diffusion_256_true_sparse_0.9,diffusion,sparse,least_squares,256,256,transformed_trust_region,false,StalledSuccess,2.655757e6,327648,1159,0.1396791585040643,0.0842603607369592,0.03275386638030375,true,,5
diffusion_64_false_operator_0.1,diffusion,operator,root,64,64,bounded_default,true,Success,271599.0,58720,389,9.321513169912558e-20,1.0426737251378881e-10,1.859301601569996e-10,true,,5
diffusion_64_false_operator_0.1,diffusion,operator,root,64,64,bounded_lm,true,Success,613958.0,1155440,4052,1.0045650589923822e-30,4.440892098500626e-16,1.887379141862766e-15,true,,5
diffusion_64_false_operator_0.1,diffusion,operator,root,64,64,bounded_trust_region,true,Success,281609.0,58144,387,9.321513169912558e-20,1.0426737251378881e-10,1.859301601569996e-10,true,,5
diffusion_64_false_operator_0.1,diffusion,operator,root,64,64,dogbox,true,Success,433648.0,863360,3004,1.3458706600169106e-28,7.105427357601002e-15,1.4099832412739488e-14,true,,5
diffusion_64_false_operator_0.1,diffusion,operator,root,64,64,gn_hybrid,true,Success,655178.0,1236432,5655,8.612474978524005e-21,3.149602800789353e-11,3.8835490379085513e-11,true,,5
diffusion_64_false_operator_0.1,diffusion,operator,root,64,64,gn_linesearch,true,Success,422679.0,852800,2940,1.3458706600169106e-28,7.105427357601002e-15,1.4099832412739488e-14,true,,5
diffusion_64_false_operator_0.1,diffusion,operator,root,64,64,gn_trustregion,true,Success,790617.0,1231792,5631,8.612474978524005e-21,3.149602800789353e-11,3.8835490379085513e-11,true,,5
diffusion_64_false_operator_0.1,diffusion,operator,root,64,64,legacy_default,true,Success,6.861487e6,2158144,8661,3.887165800879434e-18,9.172562709380827e-10,1.3753919114734003e-9,true,,5
diffusion_64_false_operator_0.1,diffusion,operator,root,64,64,reflective,true,Success,868138.0,1737792,7360,1.769474913074478e-20,6.677791652975884e-11,8.134859452724186e-11,true,,5
diffusion_64_false_operator_0.1,diffusion,operator,root,64,64,transformed_lm,true,Success,2.465498e6,211008,1049,1.5948566213414485e-18,5.90212989592942e-10,1.2316295761038987e-9,true,,5
diffusion_64_false_operator_0.1,diffusion,operator,root,64,64,transformed_trust_region,false,Stalled,2.842986e6,961696,3905,1.9446083132704752e-17,1.8527872569507053e-9,2.2523884979364084e-9,true,,5
diffusion_64_false_operator_0.9,diffusion,operator,root,64,64,bounded_default,true,Success,224439.0,50192,354,1.5437062875571756e-18,7.416484093525355e-10,2.3493121892315116e-9,true,,5
diffusion_64_false_operator_0.9,diffusion,operator,root,64,64,bounded_lm,true,Success,685247.0,1120144,4201,4.491548629886145e-19,4.928749630650486e-10,1.2837784169050792e-9,true,,5
diffusion_64_false_operator_0.9,diffusion,operator,root,64,64,bounded_trust_region,true,Success,180959.0,49616,352,1.5437062875571756e-18,7.416484093525355e-10,2.3493121892315116e-9,true,,5
diffusion_64_false_operator_0.9,diffusion,operator,root,64,64,dogbox,false,Stalled,364819.0,726688,2574,5.710966613734608e-18,1.1700868052244573e-9,1.4576529983045816e-9,true,,5
diffusion_64_false_operator_0.9,diffusion,operator,root,64,64,gn_hybrid,true,Success,553129.0,991024,4141,7.853191217789169e-23,4.367173289665516e-12,5.350719867180942e-12,true,,5
diffusion_64_false_operator_0.9,diffusion,operator,root,64,64,gn_linesearch,true,Success,564238.0,789488,2810,4.283746953641712e-19,4.1972425535163893e-10,8.609243318247195e-10,true,,5
diffusion_64_false_operator_0.9,diffusion,operator,root,64,64,gn_trustregion,true,Success,515869.0,986384,4117,7.853191217789169e-23,4.367173289665516e-12,5.350719867180942e-12,true,,5
diffusion_64_false_operator_0.9,diffusion,operator,root,64,64,legacy_default,true,Success,4.04085e6,1340832,5367,2.0855438365364713e-18,5.030595939814475e-10,9.276462931140372e-10,true,,5
diffusion_64_false_operator_0.9,diffusion,operator,root,64,64,reflective,true,Success,911927.0,1943056,7679,4.678718470618186e-19,4.559496113998307e-10,8.765749237582554e-10,true,,5
diffusion_64_false_operator_0.9,diffusion,operator,root,64,64,transformed_lm,true,Success,2.304519e6,204672,997,3.4288465512267022e-18,5.926112933707373e-10,7.811806757018758e-10,true,,5
diffusion_64_false_operator_0.9,diffusion,operator,root,64,64,transformed_trust_region,true,Success,2.413238e6,727136,2813,2.0855438365364713e-18,5.030595939814475e-10,9.276462931140372e-10,true,,5
diffusion_64_false_sparse_0.1,diffusion,sparse,root,64,64,bounded_default,true,Success,251979.0,138248,845,6.312782953440184e-19,2.810549570853027e-10,3.3190705739372106e-10,true,,5
diffusion_64_false_sparse_0.1,diffusion,sparse,root,64,64,bounded_lm,true,Success,444819.0,416504,1588,9.059574458397557e-31,4.440892098500626e-16,1.887379141862766e-15,true,,5
diffusion_64_false_sparse_0.1,diffusion,sparse,root,64,64,bounded_trust_region,true,Success,302469.0,137704,843,6.312782953440184e-19,2.810549570853027e-10,3.3190705739372106e-10,true,,5
diffusion_64_false_sparse_0.1,diffusion,sparse,root,64,64,dogbox,true,Success,242809.0,271496,1249,7.272311470006203e-31,3.3306690738754696e-16,1.3322676295501878e-15,true,,5
diffusion_64_false_sparse_0.1,diffusion,sparse,root,64,64,gn_hybrid,true,Success,427599.0,402312,3108,8.575970699651652e-21,3.1766367314389754e-11,3.746691845663008e-11,true,,5
diffusion_64_false_sparse_0.1,diffusion,sparse,root,64,64,gn_linesearch,true,Success,269149.0,261192,1185,7.272311470006203e-31,3.3306690738754696e-16,1.3322676295501878e-15,true,,5
diffusion_64_false_sparse_0.1,diffusion,sparse,root,64,64,gn_trustregion,true,Success,387848.0,397640,3084,8.575970699651652e-21,3.1766367314389754e-11,3.746691845663008e-11,true,,5
diffusion_64_false_sparse_0.1,diffusion,sparse,root,64,64,legacy_default,true,Success,2.00869e6,3491696,6209,2.764325501537332e-23,2.794209308376594e-12,3.436473328122247e-12,true,,5
diffusion_64_false_sparse_0.1,diffusion,sparse,root,64,64,reflective,true,Success,643798.0,653624,3625,1.769469831543757e-20,6.677813857436377e-11,8.135003781717387e-11,true,,5
diffusion_64_false_sparse_0.1,diffusion,sparse,root,64,64,transformed_lm,true,Success,2.263549e6,232048,1086,9.680909692968557e-22,1.1874945471390674e-11,1.4083290089672573e-11,true,,5
diffusion_64_false_sparse_0.1,diffusion,sparse,root,64,64,transformed_trust_region,true,Success,320428.0,170632,1038,2.764325501537332e-23,2.794209308376594e-12,3.436473328122247e-12,true,,5
diffusion_64_false_sparse_0.9,diffusion,sparse,root,64,64,bounded_default,true,Success,225769.0,138152,845,2.279447198506247e-24,8.147926777724024e-13,1.0293987884324451e-12,true,,5
diffusion_64_false_sparse_0.9,diffusion,sparse,root,64,64,bounded_lm,true,Success,431228.0,416504,1588,6.101346063818763e-31,3.3306690738754696e-16,1.3322676295501878e-15,true,,5
diffusion_64_false_sparse_0.9,diffusion,sparse,root,64,64,bounded_trust_region,true,Success,189960.0,137544,843,2.279447198506247e-24,8.147926777724024e-13,1.0293987884324451e-12,true,,5
diffusion_64_false_sparse_0.9,diffusion,sparse,root,64,64,dogbox,true,Success,250920.0,271496,1249,5.608307998055631e-31,4.440892098500626e-16,1.5543122344752192e-15,true,,5
diffusion_64_false_sparse_0.9,diffusion,sparse,root,64,64,gn_hybrid,true,Success,345299.0,331832,2168,7.311730859917155e-23,4.145017662438022e-12,5.161426841482353e-12,true,,5
diffusion_64_false_sparse_0.9,diffusion,sparse,root,64,64,gn_linesearch,true,Success,231409.0,261192,1185,5.608307998055631e-31,4.440892098500626e-16,1.5543122344752192e-15,true,,5
diffusion_64_false_sparse_0.9,diffusion,sparse,root,64,64,gn_trustregion,true,Success,327569.0,327160,2144,7.311730859917155e-23,4.145017662438022e-12,5.161426841482353e-12,true,,5
diffusion_64_false_sparse_0.9,diffusion,sparse,root,64,64,legacy_default,true,Success,278019.0,163064,1020,6.074460848389191e-21,9.327683070381454e-11,3.455422614706549e-10,true,,5
diffusion_64_false_sparse_0.9,diffusion,sparse,root,64,64,reflective,true,Success,614898.0,564360,2654,6.286235338479938e-31,4.440892098500626e-16,1.6653345369377348e-15,true,,5
diffusion_64_false_sparse_0.9,diffusion,sparse,root,64,64,transformed_lm,true,Success,2.12316e6,231472,1084,8.325510771606088e-19,2.137485743958223e-10,2.4746138471698487e-10,true,,5
diffusion_64_false_sparse_0.9,diffusion,sparse,root,64,64,transformed_trust_region,true,Success,519928.0,170632,1038,1.570523762830673e-25,1.255662240851052e-13,1.4810375148499588e-13,true,,5
diffusion_64_true_operator_0.1,diffusion,operator,least_squares,64,64,bounded_default,true,Success,4.04548e6,596752,2530,0.012657893013032084,0.04327639681803008,1.3558838718452648e-8,true,,5
diffusion_64_true_operator_0.1,diffusion,operator,least_squares,64,64,bounded_lm,true,Success,4.754614e6,5844800,26637,0.012657893013031937,0.04327639683220408,2.1331716393291345e-9,true,,5
diffusion_64_true_operator_0.1,diffusion,operator,least_squares,64,64,bounded_trust_region,true,Success,4.032356e6,596176,2528,0.012657893013032084,0.04327639681803008,1.3558838718452648e-8,true,,5
diffusion_64_true_operator_0.1,diffusion,operator,least_squares,64,64,dogbox,true,Success,3.475258e6,5144336,17197,0.01265789301303196,0.043276397238806386,3.840140427868732e-9,true,,5
diffusion_64_true_operator_0.1,diffusion,operator,least_squares,64,64,gn_hybrid,true,Success,743677.0,1431968,7037,0.01265789301303198,0.04327639714370979,3.1259588251231207e-9,true,,5
diffusion_64_true_operator_0.1,diffusion,operator,least_squares,64,64,gn_linesearch,true,Success,396689.0,796384,2775,0.012657893013031976,0.043276397000370004,1.8926936684593443e-9,true,,5
diffusion_64_true_operator_0.1,diffusion,operator,least_squares,64,64,gn_trustregion,true,Success,746498.0,1427328,7013,0.01265789301303198,0.04327639714370979,3.1259588251231207e-9,true,,5
diffusion_64_true_operator_0.1,diffusion,operator,least_squares,64,64,legacy_default,true,StalledSuccess,5.987839e8,58281792,231986,0.012657893669874963,0.043276396781943394,3.1893669927285373e-9,true,,5
diffusion_64_true_operator_0.1,diffusion,operator,least_squares,64,64,reflective,true,Success,1.759434e6,2803088,10905,0.012657893073132299,0.04327639666017946,5.823188375941868e-9,true,,5
diffusion_64_true_operator_0.1,diffusion,operator,least_squares,64,64,transformed_lm,false,MaxIters,2.22696263e8,12906176,56610,0.012657923556684762,0.04327642265513143,1.525638315680311e-8,true,,5
diffusion_64_true_operator_0.1,diffusion,operator,least_squares,64,64,transformed_trust_region,false,MaxIters,1.37640524e8,32146784,122013,0.012657921377491098,0.04327642464564052,3.2049252696175756e-8,true,,5
diffusion_64_true_operator_0.9,diffusion,operator,least_squares,64,64,bounded_default,true,Success,4.549067e6,666304,2809,0.012657893013032112,0.04327639745382417,1.3890291583606995e-8,true,,5
diffusion_64_true_operator_0.9,diffusion,operator,least_squares,64,64,bounded_lm,true,Success,3.000089e6,5810512,26508,0.012657893013031968,0.0432763967858496,2.9464275463908507e-9,true,,5
diffusion_64_true_operator_0.9,diffusion,operator,least_squares,64,64,bounded_trust_region,true,Success,4.487165e6,665728,2807,0.012657893013032112,0.04327639745382417,1.3890291583606995e-8,true,,5
diffusion_64_true_operator_0.9,diffusion,operator,least_squares,64,64,dogbox,true,Success,2.344382e6,5216016,17419,0.012657893013031957,0.04327639646370418,4.689167942828476e-9,true,,5
diffusion_64_true_operator_0.9,diffusion,operator,least_squares,64,64,gn_hybrid,true,Success,579578.0,1119920,5319,0.01265789301303198,0.04327639692405061,2.767577833573398e-9,true,,5
diffusion_64_true_operator_0.9,diffusion,operator,least_squares,64,64,gn_linesearch,true,Success,383949.0,762528,2673,0.012657893013031963,0.04327639700908659,1.9167051279467273e-9,true,,5
diffusion_64_true_operator_0.9,diffusion,operator,least_squares,64,64,gn_trustregion,true,Success,575568.0,1115280,5295,0.01265789301303198,0.04327639692405061,2.767577833573398e-9,true,,5
diffusion_64_true_operator_0.9,diffusion,operator,least_squares,64,64,legacy_default,true,StalledSuccess,5.06932274e8,41494528,174116,0.012657893739296655,0.04327639685408036,3.484993653383366e-9,true,,5
diffusion_64_true_operator_0.9,diffusion,operator,least_squares,64,64,reflective,true,Success,1.478725e6,2920992,10502,0.01265789302285882,0.04327639439443276,1.0126286920097982e-8,true,,5
diffusion_64_true_operator_0.9,diffusion,operator,least_squares,64,64,transformed_lm,false,MaxIters,2.32792942e8,12910048,56614,0.012657923885438654,0.04327642914334495,1.747624538283612e-8,true,,5
diffusion_64_true_operator_0.9,diffusion,operator,least_squares,64,64,transformed_trust_region,false,MaxIters,6.4363238e7,17211392,70263,0.012657909399991818,0.04327641347014488,1.0586194254535997e-8,true,,5
diffusion_64_true_sparse_0.1,diffusion,sparse,least_squares,64,64,bounded_default,true,Success,829196.0,138216,843,0.012657893013032098,0.04327639681802742,1.3558814515590711e-8,true,,5
diffusion_64_true_sparse_0.1,diffusion,sparse,least_squares,64,64,bounded_lm,true,Success,1.648025e6,1435592,11340,0.012657893013031976,0.04327639683916651,5.5470517068556546e-11,true,,5
diffusion_64_true_sparse_0.1,diffusion,sparse,least_squares,64,64,bounded_trust_region,true,Success,858358.0,137608,841,0.012657893013032098,0.04327639681802742,1.3558814515590711e-8,true,,5
diffusion_64_true_sparse_0.1,diffusion,sparse,least_squares,64,64,dogbox,true,Success,844198.0,1026968,3847,0.012657893013031935,0.043276396830347785,8.849054822235303e-11,true,,5
diffusion_64_true_sparse_0.1,diffusion,sparse,least_squares,64,64,gn_hybrid,true,Success,672348.0,507736,4179,0.012657893013032011,0.043276396849885934,1.8175316807145236e-10,true,,5
diffusion_64_true_sparse_0.1,diffusion,sparse,least_squares,64,64,gn_linesearch,true,Success,306589.0,288152,1277,0.012657893013031949,0.04327639681817841,1.4184942109807253e-10,true,,5
diffusion_64_true_sparse_0.1,diffusion,sparse,least_squares,64,64,gn_trustregion,true,Success,575468.0,503096,4155,0.012657893013032011,0.043276396849885934,1.8175316807145236e-10,true,,5
diffusion_64_true_sparse_0.1,diffusion,sparse,least_squares,64,64,legacy_default,true,StalledSuccess,2.55047448e8,9949920,17685,0.012657893013031902,0.04327639685384144,1.9984014443252818e-15,true,,5
diffusion_64_true_sparse_0.1,diffusion,sparse,least_squares,64,64,reflective,true,Success,835487.0,874968,4299,0.01265789307311347,0.04327639685659612,3.2517827319722414e-9,true,,5
diffusion_64_true_sparse_0.1,diffusion,sparse,least_squares,64,64,transformed_lm,false,MaxIters,2.04234706e8,768032,2126,0.012657893013031905,0.043276396853830335,2.2537527399890678e-13,true,,5
diffusion_64_true_sparse_0.1,diffusion,sparse,least_squares,64,64,transformed_trust_region,false,StalledSuccess,856226.0,192440,1104,0.060570212931354145,0.09448212112382781,0.05067244684075761,true,,5
diffusion_64_true_sparse_0.9,diffusion,sparse,least_squares,64,64,bounded_default,true,Success,752717.0,138248,843,0.012657893013032146,0.043276397680669376,1.343650990470735e-8,true,,5
diffusion_64_true_sparse_0.9,diffusion,sparse,least_squares,64,64,bounded_lm,true,Success,2.715321e6,1435704,11313,0.012657893013031989,0.043276396856438915,8.987066646426456e-11,true,,5
diffusion_64_true_sparse_0.9,diffusion,sparse,least_squares,64,64,bounded_trust_region,true,Success,1.174295e6,137608,841,0.012657893013032146,0.043276397680669376,1.343650990470735e-8,true,,5
diffusion_64_true_sparse_0.9,diffusion,sparse,least_squares,64,64,dogbox,true,Success,1.410875e6,1027032,3847,0.01265789301303195,0.04327639685543527,3.124711600577257e-11,true,,5
diffusion_64_true_sparse_0.9,diffusion,sparse,least_squares,64,64,gn_hybrid,true,Success,416968.0,437896,3237,0.012657893013031954,0.043276396841215536,5.0361270709231576e-11,true,,5
diffusion_64_true_sparse_0.9,diffusion,sparse,least_squares,64,64,gn_linesearch,true,Success,275979.0,288152,1277,0.012657893013031959,0.04327639681755091,1.444349084778196e-10,true,,5
diffusion_64_true_sparse_0.9,diffusion,sparse,least_squares,64,64,gn_trustregion,true,Success,410588.0,433256,3213,0.012657893013031954,0.043276396841215536,5.0361270709231576e-11,true,,5
diffusion_64_true_sparse_0.9,diffusion,sparse,least_squares,64,64,legacy_default,false,MaxIters,2.72067175e8,10568176,18259,0.012657893013031907,0.04327639685383411,3.262945469373335e-13,true,,5
diffusion_64_true_sparse_0.9,diffusion,sparse,least_squares,64,64,reflective,true,Success,1.322065e6,838968,3442,0.012657893022855977,0.04327639685227824,1.4632075551190837e-9,true,,5
diffusion_64_true_sparse_0.9,diffusion,sparse,least_squares,64,64,transformed_lm,false,MaxIters,2.2976373e8,755208,2101,0.012657893013031907,0.04327639685383411,3.262945469373335e-13,true,,5
diffusion_64_true_sparse_0.9,diffusion,sparse,least_squares,64,64,transformed_trust_region,false,StalledSuccess,975505.0,194744,1112,0.030454454954314675,0.07780068342320257,0.02293067947677435,true,,5
exponential_0.2_1,curve_fit,dense,least_squares,3,40,bounded_default,true,Success,53430.0,16976,181,1.1586394545433611e-30,4.440892098500626e-16,6.8833827526759706e-15,true,,5
exponential_0.2_1,curve_fit,dense,least_squares,3,40,bounded_lm,true,Success,226689.0,138224,1852,1.1583939935715738e-18,4.421127908216249e-10,8.303543852505868e-9,true,,5
exponential_0.2_1,curve_fit,dense,least_squares,3,40,bounded_trust_region,true,Success,53170.0,16896,179,1.1586394545433611e-30,4.440892098500626e-16,6.8833827526759706e-15,true,,5
exponential_0.2_1,curve_fit,dense,least_squares,3,40,dogbox,true,Success,69949.0,49312,566,1.1586394545433611e-30,4.440892098500626e-16,6.8833827526759706e-15,true,,5
exponential_0.2_1,curve_fit,dense,least_squares,3,40,gn_hybrid,true,Success,82960.0,58816,659,1.1586394545433611e-30,4.440892098500626e-16,6.8833827526759706e-15,true,,5
exponential_0.2_1,curve_fit,dense,least_squares,3,40,gn_linesearch,true,Success,67720.0,46336,494,1.1586394545433611e-30,4.440892098500626e-16,6.8833827526759706e-15,true,,5
exponential_0.2_1,curve_fit,dense,least_squares,3,40,gn_trustregion,true,Success,72319.0,56592,626,1.1586394545433611e-30,4.440892098500626e-16,6.8833827526759706e-15,true,,5
exponential_0.2_1,curve_fit,dense,least_squares,3,40,legacy_default,true,Success,82880.0,27632,263,3.7446109231679216e-23,1.368682944757893e-12,5.473288489099559e-11,true,,5
exponential_0.2_1,curve_fit,dense,least_squares,3,40,reflective,true,Success,2.49254e6,1680704,37553,2.1683561369258934e-13,2.1653103665641993e-7,1.7023564780060951e-9,true,,5
exponential_0.2_1,curve_fit,dense,least_squares,3,40,transformed_lm,true,Success,279029.0,50992,502,4.081444932965258e-20,9.400480394106125e-11,2.4702462297909733e-12,true,,5
exponential_0.2_1,curve_fit,dense,least_squares,3,40,transformed_trust_region,true,Success,589577.0,60880,647,1.3068095220416001e-24,2.560174294785611e-13,1.0224709967587842e-11,true,,5
exponential_0.2_2,curve_fit,dense,least_squares,3,40,bounded_default,true,Success,74090.0,87984,218,2.1799431558684017e-27,1.7763568394002505e-14,3.603783937933258e-13,true,,5
exponential_0.2_2,curve_fit,dense,least_squares,3,40,bounded_lm,true,Success,154319.0,95920,1263,2.017199178969044e-24,5.369038547087257e-13,1.0970779840135947e-11,true,,5
exponential_0.2_2,curve_fit,dense,least_squares,3,40,bounded_trust_region,true,Success,75270.0,87904,216,2.1799431558684017e-27,1.7763568394002505e-14,3.603783937933258e-13,true,,5
exponential_0.2_2,curve_fit,dense,least_squares,3,40,dogbox,true,Success,73310.0,50464,588,1.030257272599299e-26,3.907985046680551e-14,7.815970093361102e-13,true,,5
exponential_0.2_2,curve_fit,dense,least_squares,3,40,gn_hybrid,true,Success,332439.0,232032,5327,4.031018951684619e-20,7.542588775777403e-11,1.558059237183329e-9,true,,5
exponential_0.2_2,curve_fit,dense,least_squares,3,40,gn_linesearch,true,Success,116279.0,77216,809,1.3108514960551434e-20,4.300848566174409e-11,8.885165936334261e-10,true,,5
exponential_0.2_2,curve_fit,dense,least_squares,3,40,gn_trustregion,true,Success,320809.0,228768,5275,4.031006389698396e-20,7.542566571316911e-11,1.5580559065142552e-9,true,,5
exponential_0.2_2,curve_fit,dense,least_squares,3,40,legacy_default,false,StalledSuccess,4.953646e6,7162896,6776,2.7646193572137632e-8,7.7267939747383e-5,5.253291022189188e-7,true,,5
exponential_0.2_2,curve_fit,dense,least_squares,3,40,reflective,true,Success,526168.0,368032,6967,9.787697741572887e-15,4.588966318053167e-8,3.1960295521216153e-10,true,,5
exponential_0.2_2,curve_fit,dense,least_squares,3,40,transformed_lm,false,StalledSuccess,1.744952e6,256304,2201,8.920729536175915e-6,0.001403248490049247,3.7585452610233716e-5,true,,5
exponential_0.2_2,curve_fit,dense,least_squares,3,40,transformed_trust_region,false,StalledSuccess,515668.0,3549952,1487,2.7646193572137632e-8,7.7267939747383e-5,5.253291022189188e-7,true,,5
exponential_0.2_3,curve_fit,dense,least_squares,3,40,bounded_default,true,Success,92619.0,158304,249,6.656013887802287e-31,4.440892098500626e-16,3.774758283725532e-15,true,,5
exponential_0.2_3,curve_fit,dense,least_squares,3,40,bounded_lm,true,Success,726997.0,355120,4800,4.437342591868191e-31,4.440892098500626e-16,4.440892098500626e-16,true,,5
exponential_0.2_3,curve_fit,dense,least_squares,3,40,bounded_trust_region,true,Success,114090.0,158224,247,6.656013887802287e-31,4.440892098500626e-16,3.774758283725532e-15,true,,5
exponential_0.2_3,curve_fit,dense,least_squares,3,40,dogbox,true,Success,83639.0,58832,694,6.273481703430904e-23,3.0118130212031247e-12,6.121703144401636e-11,true,,5
exponential_0.2_3,curve_fit,dense,least_squares,3,40,gn_hybrid,true,Success,268299.0,129296,2579,5.669937756276022e-31,4.440892098500626e-16,1.1102230246251565e-15,true,,5
exponential_0.2_3,curve_fit,dense,least_squares,3,40,gn_linesearch,true,Success,479719.0,281024,2888,9.860761315262648e-31,4.440892098500626e-16,4.884981308350689e-15,true,,5
exponential_0.2_3,curve_fit,dense,least_squares,3,40,gn_trustregion,true,Success,178489.0,127072,2546,5.669937756276022e-31,4.440892098500626e-16,1.1102230246251565e-15,true,,5
exponential_0.2_3,curve_fit,dense,least_squares,3,40,legacy_default,true,Success,1.587652e6,2890144,3243,8.346317945848111e-22,6.460165735688861e-12,2.583999680894067e-10,true,,5
exponential_0.2_3,curve_fit,dense,least_squares,3,40,reflective,true,Success,3.027378e6,1893568,41650,1.4396955652732513e-12,5.579609196892932e-7,4.7311266015981346e-9,true,,5
exponential_0.2_3,curve_fit,dense,least_squares,3,40,transformed_lm,true,Success,584628.0,72000,678,2.120453140629642e-20,6.769496074809922e-11,5.74429392941056e-13,true,,5
exponential_0.2_3,curve_fit,dense,least_squares,3,40,transformed_trust_region,true,Success,521287.0,71376,743,8.346317945848111e-22,6.460165735688861e-12,2.583999680894067e-10,true,,5
exponential_3.0_1,curve_fit,dense,least_squares,3,40,bounded_default,true,Success,113269.0,19248,199,3.1762744791625396e-28,5.10702591327572e-15,1.9539925233402755e-13,true,,5
exponential_3.0_1,curve_fit,dense,least_squares,3,40,bounded_lm,true,Success,185360.0,70976,936,6.61066856059647e-26,8.526512829121202e-14,2.1557200469146665e-12,true,,5
exponential_3.0_1,curve_fit,dense,least_squares,3,40,bounded_trust_region,true,Success,104520.0,19168,197,3.1762744791625396e-28,5.10702591327572e-15,1.9539925233402755e-13,true,,5
exponential_3.0_1,curve_fit,dense,least_squares,3,40,dogbox,true,Success,84750.0,58672,690,1.1915596757148898e-19,9.923706301151469e-11,3.788764968426506e-9,true,,5
exponential_3.0_1,curve_fit,dense,least_squares,3,40,gn_hybrid,true,Success,218549.0,156560,3451,8.936314941956774e-29,2.886579864025407e-15,1.0030865027488289e-13,true,,5
exponential_3.0_1,curve_fit,dense,least_squares,3,40,gn_linesearch,true,Success,68789.0,46336,494,2.6059748833039955e-26,5.417888360170764e-14,1.1899370377932428e-12,true,,5
exponential_3.0_1,curve_fit,dense,least_squares,3,40,gn_trustregion,true,Success,253739.0,179680,4256,1.5045604199072008e-22,3.626321465333149e-12,1.3433326673251145e-10,true,,5
exponential_3.0_1,curve_fit,dense,least_squares,3,40,legacy_default,true,Success,92689.0,28400,271,1.6126176494876995e-20,2.8395952256232704e-11,1.3244068064466319e-9,true,,5
exponential_3.0_1,curve_fit,dense,least_squares,3,40,reflective,true,Success,385499.0,175744,2623,1.1948017768945573e-19,1.7242163252717546e-10,6.361370319396542e-10,true,,5
exponential_3.0_1,curve_fit,dense,least_squares,3,40,transformed_lm,true,Success,178679.0,38912,394,6.088975394238418e-23,3.65374397404139e-12,6.039724276263314e-12,true,,5
exponential_3.0_1,curve_fit,dense,least_squares,3,40,transformed_trust_region,true,Success,106960.0,26384,296,5.608307998055631e-31,2.220446049250313e-16,6.994405055138486e-15,true,,5
exponential_3.0_2,curve_fit,dense,least_squares,3,40,bounded_default,true,Success,69849.0,87296,212,4.7412759075078744e-26,6.927791673660977e-14,2.0843882175825e-12,true,,5
exponential_3.0_2,curve_fit,dense,least_squares,3,40,bounded_lm,true,Success,175000.0,107024,1415,1.6640034719505718e-30,4.440892098500626e-16,1.226796442210798e-14,true,,5
exponential_3.0_2,curve_fit,dense,least_squares,3,40,bounded_trust_region,true,Success,85210.0,87216,210,4.7412759075078744e-26,6.927791673660977e-14,2.0843882175825e-12,true,,5
exponential_3.0_2,curve_fit,dense,least_squares,3,40,dogbox,true,Success,93409.0,64896,756,2.0374915419349263e-22,5.293321336807821e-12,1.4957035610052571e-10,true,,5
exponential_3.0_2,curve_fit,dense,least_squares,3,40,gn_hybrid,true,Success,144180.0,104016,1764,2.0382282750347899e-22,5.2942095152275215e-12,1.4959666838620933e-10,true,,5
exponential_3.0_2,curve_fit,dense,least_squares,3,40,gn_linesearch,true,Success,85300.0,58688,620,1.987410380174584e-22,5.229372490589412e-12,1.4770540346376038e-10,true,,5
exponential_3.0_2,curve_fit,dense,least_squares,3,40,gn_trustregion,true,Success,146389.0,101792,1731,2.0382282750347899e-22,5.2942095152275215e-12,1.4959666838620933e-10,true,,5
exponential_3.0_2,curve_fit,dense,least_squares,3,40,legacy_default,true,Success,1.194294e6,505376,2090,3.124461388284543e-19,1.2498946322381244e-10,5.829660087997013e-9,true,,5
exponential_3.0_2,curve_fit,dense,least_squares,3,40,reflective,true,Success,178849.0,127312,1520,4.163221808951008e-25,3.306244167333716e-13,1.6056045382129014e-12,true,,5
exponential_3.0_2,curve_fit,dense,least_squares,3,40,transformed_lm,false,StalledSuccess,463088.0,76080,683,4.504696826569557,1.1,5.0,true,,5
exponential_3.0_2,curve_fit,dense,least_squares,3,40,transformed_trust_region,true,Success,256059.0,249744,505,3.124461388284543e-19,1.2498946322381244e-10,5.829660087997013e-9,true,,5
exponential_3.0_3,curve_fit,dense,least_squares,3,40,bounded_default,true,Success,97860.0,20624,211,5.314210791827922e-28,6.328271240363392e-15,2.5385249458054204e-13,true,,5
exponential_3.0_3,curve_fit,dense,least_squares,3,40,bounded_lm,true,Success,144129.0,89008,1176,1.0634831078510765e-28,5.10702591327572e-15,7.405187574249794e-14,true,,5
exponential_3.0_3,curve_fit,dense,least_squares,3,40,bounded_trust_region,true,Success,93929.0,20544,209,5.314210791827922e-28,6.328271240363392e-15,2.5385249458054204e-13,true,,5
exponential_3.0_3,curve_fit,dense,least_squares,3,40,dogbox,true,Success,118259.0,83776,1008,5.588181502586054e-23,2.4866775305554256e-12,4.278299936544272e-11,true,,5
exponential_3.0_3,curve_fit,dense,least_squares,3,40,gn_hybrid,true,Success,444899.0,321472,8037,1.0071997927860622e-25,9.08162434143378e-14,3.484434962786054e-12,true,,5
exponential_3.0_3,curve_fit,dense,least_squares,3,40,gn_linesearch,true,Success,107470.0,134496,708,3.8826747678846675e-31,4.440892098500626e-16,3.7192471324942744e-15,true,,5
exponential_3.0_3,curve_fit,dense,least_squares,3,40,gn_trustregion,true,Success,534238.0,387280,9872,2.4590273529936227e-30,5.551115123125783e-16,1.6819878823071122e-14,true,,5
exponential_3.0_3,curve_fit,dense,least_squares,3,40,legacy_default,true,Success,1.210214e6,2853776,2808,1.2264321885857918e-30,4.440892098500626e-16,8.548717289613705e-15,true,,5
exponential_3.0_3,curve_fit,dense,least_squares,3,40,reflective,true,Success,240829.0,172880,2068,1.8732913515936172e-26,7.09432512735475e-14,3.765876499528531e-13,true,,5
exponential_3.0_3,curve_fit,dense,least_squares,3,40,transformed_lm,true,Success,398718.0,54080,521,9.530710105578234e-23,4.531264252705114e-12,6.2023719493708995e-12,true,,5
exponential_3.0_3,curve_fit,dense,least_squares,3,40,transformed_trust_region,true,Success,114509.0,27152,304,1.2264321885857918e-30,4.440892098500626e-16,8.548717289613705e-15,true,,5
fixed_0.1,fixed_variables,dense,least_squares,20,20,bounded_default,true,Success,30270.0,21624,154,1.7107617728531854,0.994736842105263,0.0,true,,5
fixed_0.1,fixed_variables,dense,least_squares,20,20,bounded_lm,true,Success,676128.0,318264,1974,1.7107617728531854,0.994736842105263,1.1609071481899491e-9,true,,5
fixed_0.1,fixed_variables,dense,least_squares,20,20,bounded_trust_region,true,Success,27750.0,21400,152,1.7107617728531854,0.994736842105263,0.0,true,,5
fixed_0.1,fixed_variables,dense,least_squares,20,20,dogbox,true,Success,377959.0,217592,909,1.7107617728531854,0.994736842105263,0.0,true,,5
fixed_0.1,fixed_variables,dense,least_squares,20,20,gn_hybrid,true,Success,183589.0,113416,1225,1.7107617728531854,0.994736842105263,0.0,true,,5
fixed_0.1,fixed_variables,dense,least_squares,20,20,gn_linesearch,true,Success,78240.0,61960,261,1.7107617728531854,0.994736842105263,0.0,true,,5
fixed_0.1,fixed_variables,dense,least_squares,20,20,gn_trustregion,true,Success,166689.0,110600,1192,1.7107617728531854,0.994736842105263,0.0,true,,5
fixed_0.1,fixed_variables,dense,least_squares,20,20,legacy_default,false,Unstable,8.5995337e7,82764264,35230,NaN,NaN,NaN,false,,5
fixed_0.1,fixed_variables,dense,least_squares,20,20,reflective,true,Success,696927.0,386872,3110,1.7107617728531854,0.994736842105263,2.4478207238942673e-9,true,,5
fixed_0.1,fixed_variables,dense,least_squares,20,20,transformed_lm,false,MaxIters,8.6447775e7,82390112,34257,NaN,NaN,NaN,false,,5
fixed_0.1,fixed_variables,dense,least_squares,20,20,transformed_trust_region,false,Unstable,75349.0,70664,245,NaN,NaN,NaN,false,,5
fixed_0.9,fixed_variables,dense,least_squares,20,20,bounded_default,true,Success,33180.0,21624,154,1.7107617728531854,0.994736842105263,5.551115123125783e-17,true,,5
fixed_0.9,fixed_variables,dense,least_squares,20,20,bounded_lm,true,Success,653848.0,318264,1974,1.7107617728531854,0.994736842105263,1.1253343673578442e-9,true,,5
fixed_0.9,fixed_variables,dense,least_squares,20,20,bounded_trust_region,true,Success,22150.0,21400,152,1.7107617728531854,0.994736842105263,5.551115123125783e-17,true,,5
fixed_0.9,fixed_variables,dense,least_squares,20,20,dogbox,true,Success,376319.0,217592,909,1.7107617728531854,0.994736842105263,0.0,true,,5
fixed_0.9,fixed_variables,dense,least_squares,20,20,gn_hybrid,true,Success,167879.0,113096,1211,1.7107617728531854,0.994736842105263,2.7755575615628914e-17,true,,5
fixed_0.9,fixed_variables,dense,least_squares,20,20,gn_linesearch,true,Success,75760.0,61960,261,1.7107617728531854,0.994736842105263,5.551115123125783e-17,true,,5
fixed_0.9,fixed_variables,dense,least_squares,20,20,gn_trustregion,true,Success,168050.0,110280,1178,1.7107617728531854,0.994736842105263,2.7755575615628914e-17,true,,5
fixed_0.9,fixed_variables,dense,least_squares,20,20,legacy_default,false,Unstable,8.5549169e7,82763880,35230,NaN,NaN,NaN,false,,5
fixed_0.9,fixed_variables,dense,least_squares,20,20,reflective,true,Success,720328.0,394712,3299,1.7107617728531854,0.994736842105263,6.496782278819779e-13,true,,5
fixed_0.9,fixed_variables,dense,least_squares,20,20,transformed_lm,false,MaxIters,8.4735904e7,82389792,34257,NaN,NaN,NaN,false,,5
fixed_0.9,fixed_variables,dense,least_squares,20,20,transformed_trust_region,false,Unstable,73869.0,70664,245,NaN,NaN,NaN,false,,5
freudenstein_roth_1,nonconvex_root,dense,root,2,2,bounded_default,false,Stalled,2.719246e6,1013168,24627,24.492126839620003,4.94895210132782,1.4041351203974983e-7,true,,5
freudenstein_roth_1,nonconvex_root,dense,root,2,2,bounded_lm,false,Stalled,1.511045e6,343440,9243,24.492126839619992,4.94895210217137,1.4137624404497728e-8,true,,5
freudenstein_roth_1,nonconvex_root,dense,root,2,2,bounded_trust_region,false,Stalled,144809.0,7712,148,24.492126839620003,4.94895210132782,1.4041351203974983e-7,true,,5
freudenstein_roth_1,nonconvex_root,dense,root,2,2,dogbox,false,Stalled,425838.0,251568,6377,24.49212683962,4.948952098279085,4.0636058751264414e-7,true,,5
freudenstein_roth_1,nonconvex_root,dense,root,2,2,gn_hybrid,false,Stalled,1.555435e6,1041168,34953,24.49212683962001,4.948952148016087,1.6629392385336672e-7,true,,5
freudenstein_roth_1,nonconvex_root,dense,root,2,2,gn_linesearch,false,Stalled,4.008197e6,1007008,24530,24.49212683962396,4.948953077225438,2.6851480132705774e-6,true,,5
freudenstein_roth_1,nonconvex_root,dense,root,2,2,gn_trustregion,false,Stalled,2.7877e6,1617568,54452,24.492126839620006,4.94895212562877,6.358634464520563e-7,true,,5
freudenstein_roth_1,nonconvex_root,dense,root,2,2,legacy_default,false,Stalled,5.209395e6,4353008,12213,24.492126839620013,4.948952102291338,1.3080565899326047e-6,true,,5
freudenstein_roth_1,nonconvex_root,dense,root,2,2,reflective,false,Stalled,2.534702e6,1574144,52573,24.492126839619996,4.948952126069637,5.143026789999894e-7,true,,5
freudenstein_roth_1,nonconvex_root,dense,root,2,2,transformed_lm,false,MaxIters,4.847627e6,508896,10021,24.52082330372591,4.952870239749755,2.349206700376732,true,,5
freudenstein_roth_1,nonconvex_root,dense,root,2,2,transformed_trust_region,false,Stalled,101330.0,14576,275,24.492126839620013,4.948952102291338,1.3080565899326047e-6,true,,5
freudenstein_roth_2,nonconvex_root,dense,root,2,2,bounded_default,false,Stalled,870406.0,314576,7550,24.49212683962005,4.94895216108698,3.680638106962064e-6,true,,5
freudenstein_roth_2,nonconvex_root,dense,root,2,2,bounded_lm,false,Stalled,485449.0,209936,5627,24.492126839619992,4.948952096285303,1.8106254273675404e-8,true,,5
freudenstein_roth_2,nonconvex_root,dense,root,2,2,bounded_trust_region,false,Stalled,89630.0,7712,148,24.49212683962005,4.94895216108698,3.680638106962064e-6,true,,5
freudenstein_roth_2,nonconvex_root,dense,root,2,2,dogbox,false,Stalled,366389.0,210768,5341,24.49212683962,4.948952096439889,1.62548782212113e-7,true,,5
freudenstein_roth_2,nonconvex_root,dense,root,2,2,gn_hybrid,false,Stalled,1.907734e6,1267824,42533,24.49212683962,4.948952127315469,6.44597862309304e-7,true,,5
freudenstein_roth_2,nonconvex_root,dense,root,2,2,gn_linesearch,false,Stalled,825147.0,308416,7453,24.492126839620582,4.94895239325873,1.6606429812382473e-6,true,,5
freudenstein_roth_2,nonconvex_root,dense,root,2,2,gn_trustregion,false,Stalled,2.170023e6,1468896,49417,24.492126839619996,4.948952097718556,3.671677158978426e-7,true,,5
freudenstein_roth_2,nonconvex_root,dense,root,2,2,legacy_default,false,Stalled,5.332205e6,3175888,11702,24.492126839620017,4.9489521018173015,1.1706752647278051e-6,true,,5
freudenstein_roth_2,nonconvex_root,dense,root,2,2,reflective,false,Stalled,2.662311e6,1634000,54575,24.492126839619996,4.948952098462495,3.269449240228539e-7,true,,5
freudenstein_roth_2,nonconvex_root,dense,root,2,2,transformed_lm,false,MaxIters,4.710497e6,508816,10019,24.49670267620843,4.952359474086046,1.0021355489170087,true,,5
freudenstein_roth_2,nonconvex_root,dense,root,2,2,transformed_trust_region,false,Stalled,126050.0,14256,267,24.492126839620013,4.9489521583172085,9.582293778453987e-7,true,,5
freudenstein_roth_3,nonconvex_root,dense,root,2,2,bounded_default,false,Stalled,4.137949e6,1059856,25801,24.492126839619992,4.948952098442542,6.01451276782683e-7,true,,5
freudenstein_roth_3,nonconvex_root,dense,root,2,2,bounded_lm,false,Stalled,812717.0,352064,9470,24.492126839619992,4.948952099090507,9.737085970851211e-8,true,,5
freudenstein_roth_3,nonconvex_root,dense,root,2,2,bounded_trust_region,false,Stalled,93850.0,7712,148,24.492126839619992,4.948952098442542,6.01451276782683e-7,true,,5
freudenstein_roth_3,nonconvex_root,dense,root,2,2,dogbox,false,Stalled,426999.0,252368,6397,24.492126839620006,4.948952139022169,1.3328307189031108e-6,true,,5
freudenstein_roth_3,nonconvex_root,dense,root,2,2,gn_hybrid,false,Stalled,1.632875e6,1097040,36831,24.492126839620006,4.948952196837451,2.8156485144537058e-6,true,,5
freudenstein_roth_3,nonconvex_root,dense,root,2,2,gn_linesearch,false,Stalled,2.767421e6,1053696,25704,24.49212683962338,4.948952983868065,1.8276665704197725e-6,true,,5
freudenstein_roth_3,nonconvex_root,dense,root,2,2,gn_trustregion,false,Stalled,3.167349e6,1811536,60971,24.49212683962,4.948952100737596,1.7274909280828865e-7,true,,5
freudenstein_roth_3,nonconvex_root,dense,root,2,2,legacy_default,false,Stalled,7.413305e6,3731728,11990,24.492126839620006,4.948952099834517,5.870966716114978e-7,true,,5
freudenstein_roth_3,nonconvex_root,dense,root,2,2,reflective,false,Stalled,2.480961e6,1543072,51584,24.49212683962,4.94895212162792,1.084243326121559e-6,true,,5
freudenstein_roth_3,nonconvex_root,dense,root,2,2,transformed_lm,false,MaxIters,6.965497e6,508896,10021,24.496067605988927,4.952367360140315,0.9332733964441231,true,,5
freudenstein_roth_3,nonconvex_root,dense,root,2,2,transformed_trust_region,false,Stalled,109260.0,15296,293,24.492126839620003,4.948952103682803,6.439399454771788e-7,true,,5
freudenstein_roth_4,nonconvex_root,dense,root,2,2,bounded_default,true,Success,19520.0,7792,150,1.5777218104420236e-30,1.7763568394002505e-15,1.7763568394002505e-14,true,,5
freudenstein_roth_4,nonconvex_root,dense,root,2,2,bounded_lm,true,Success,70749.0,30064,782,9.576640122928455e-23,1.2171597063570516e-11,5.77074388274923e-10,true,,5
freudenstein_roth_4,nonconvex_root,dense,root,2,2,bounded_trust_region,true,Success,19160.0,7712,148,1.5777218104420236e-30,1.7763568394002505e-15,1.7763568394002505e-14,true,,5
freudenstein_roth_4,nonconvex_root,dense,root,2,2,dogbox,true,Success,29629.0,13648,335,0.0,0.0,0.0,true,,5
freudenstein_roth_4,nonconvex_root,dense,root,2,2,gn_hybrid,true,Success,79400.0,43504,1321,6.002915944369811e-26,3.055333763768431e-13,1.446665010007564e-11,true,,5
freudenstein_roth_4,nonconvex_root,dense,root,2,2,gn_linesearch,true,Success,37910.0,18016,428,1.2051574777189768e-23,4.320099833421409e-12,2.0476775830502447e-10,true,,5
freudenstein_roth_4,nonconvex_root,dense,root,2,2,gn_trustregion,true,Success,72550.0,42128,1290,6.002915944369811e-26,3.055333763768431e-13,1.446665010007564e-11,true,,5
freudenstein_roth_4,nonconvex_root,dense,root,2,2,legacy_default,true,Success,38520.0,12960,217,4.180836579926527e-25,6.465938895416912e-13,2.0691004465334117e-11,true,,5
freudenstein_roth_4,nonconvex_root,dense,root,2,2,reflective,true,Success,71929.0,32688,834,1.319911853233657e-20,1.567475038655175e-10,2.2846435854262381e-10,true,,5
freudenstein_roth_4,nonconvex_root,dense,root,2,2,transformed_lm,true,Success,122550.0,18048,329,1.3665645673090912e-21,4.870592817951547e-11,1.2849064034980984e-9,true,,5
freudenstein_roth_4,nonconvex_root,dense,root,2,2,transformed_trust_region,true,Success,39930.0,12656,227,4.180836579926527e-25,6.465938895416912e-13,2.0691004465334117e-11,true,,5
kowalik_1,nonzero_residual_fit,dense,least_squares,4,11,bounded_default,true,Success,186139.0,23648,295,0.0001537528019310817,0.011109449907734908,1.0609316508647382e-8,true,,5
kowalik_1,nonzero_residual_fit,dense,least_squares,4,11,bounded_lm,true,Success,452898.0,203728,3850,0.00015375280193286522,0.011109451366010908,1.2003412847017003e-8,true,,5
kowalik_1,nonzero_residual_fit,dense,least_squares,4,11,bounded_trust_region,true,Success,187539.0,23552,293,0.0001537528019310817,0.011109449907734908,1.0609316508647382e-8,true,,5
kowalik_1,nonzero_residual_fit,dense,least_squares,4,11,dogbox,true,Success,280059.0,140688,2318,0.00015375280193502669,0.011109424178157523,1.3453329450463514e-8,true,,5
kowalik_1,nonzero_residual_fit,dense,least_squares,4,11,gn_hybrid,false,MaxIters,3.0873524e7,19013424,540369,0.00017406940400730198,0.01322151111987313,0.0002391297135788395,true,,5
kowalik_1,nonzero_residual_fit,dense,least_squares,4,11,gn_linesearch,true,Success,242769.0,122480,1827,0.0001537528019331515,0.011109425538620432,1.2181593234128485e-8,true,,5
kowalik_1,nonzero_residual_fit,dense,least_squares,4,11,gn_trustregion,true,Success,2.203662e6,1232976,21740,0.00015375280193113313,0.011109427183065707,1.0644307879559278e-8,true,,5
kowalik_1,nonzero_residual_fit,dense,least_squares,4,11,legacy_default,true,StalledSuccess,4.411019e6,523696,6072,0.00015375280192461832,0.011109438565957336,5.542788450441094e-13,true,,5
kowalik_1,nonzero_residual_fit,dense,least_squares,4,11,reflective,true,Success,515188.0,157392,2763,0.00015375280193291813,0.011109425717776317,1.2014087003020535e-8,true,,5
kowalik_1,nonzero_residual_fit,dense,least_squares,4,11,transformed_lm,true,StalledSuccess,1.839681e6,200608,2250,0.00015375280192461848,0.011109438566385993,1.5287771049088406e-13,true,,5
kowalik_1,nonzero_residual_fit,dense,least_squares,4,11,transformed_trust_region,true,StalledSuccess,375578.0,48544,623,0.00015375280192461864,0.011109438511738845,3.2768038282782186e-11,true,,5
kowalik_2,nonzero_residual_fit,dense,least_squares,4,11,bounded_default,true,Success,3.615542e6,225824,2401,0.00015375280193295616,0.01110945144842701,1.2050935915830507e-8,true,,5
kowalik_2,nonzero_residual_fit,dense,least_squares,4,11,bounded_lm,true,Success,526158.0,230192,4353,0.00015375280193512996,0.01110942412048585,1.3540612464613133e-8,true,,5
kowalik_2,nonzero_residual_fit,dense,least_squares,4,11,bounded_trust_region,true,Success,2.696779e6,225728,2399,0.00015375280193295616,0.01110945144842701,1.2050935915830507e-8,true,,5
kowalik_2,nonzero_residual_fit,dense,least_squares,4,11,dogbox,true,Success,308949.0,153200,2534,0.00015375280193277979,0.011109451311640761,1.192294218910206e-8,true,,5
kowalik_2,nonzero_residual_fit,dense,least_squares,4,11,gn_hybrid,true,Success,720677.0,437968,11388,0.00015375280193560215,0.01110942378580776,1.38200788035725e-8,true,,5
kowalik_2,nonzero_residual_fit,dense,least_squares,4,11,gn_linesearch,true,Success,243549.0,122480,1827,0.00015375280193515058,0.011109424092816511,1.3533102555252086e-8,true,,5
kowalik_2,nonzero_residual_fit,dense,least_squares,4,11,gn_trustregion,true,Success,660377.0,403328,10387,0.00015375280193136178,0.01110942698538736,1.0829109636789624e-8,true,,5
kowalik_2,nonzero_residual_fit,dense,least_squares,4,11,legacy_default,true,StalledSuccess,4.815727e6,554544,6416,0.0001537528019246181,0.011109438566549973,1.1102230246251565e-16,true,,5
kowalik_2,nonzero_residual_fit,dense,least_squares,4,11,reflective,true,Success,800197.0,425360,9837,0.0001537528019373335,0.011109454474845626,1.4882993309983661e-8,true,,5
kowalik_2,nonzero_residual_fit,dense,least_squares,4,11,transformed_lm,true,StalledSuccess,2.018191e6,220224,2468,0.0001537528019246184,0.011109438566546365,1.684763439868675e-14,true,,5
kowalik_2,nonzero_residual_fit,dense,least_squares,4,11,transformed_trust_region,true,StalledSuccess,416879.0,53056,683,0.0001537528019246185,0.011109438597027843,2.8446106581370145e-11,true,,5
kowalik_3,nonzero_residual_fit,dense,least_squares,4,11,bounded_default,true,Success,7.028435e6,557232,5854,0.0001537528019358549,0.011109453521637946,1.3990963554366687e-8,true,,5
kowalik_3,nonzero_residual_fit,dense,least_squares,4,11,bounded_lm,true,Success,565227.0,251536,4766,0.00015375280193468484,0.011109424419978392,1.3235440382564079e-8,true,,5
kowalik_3,nonzero_residual_fit,dense,least_squares,4,11,bounded_trust_region,true,Success,6.876434e6,557136,5852,0.0001537528019358549,0.011109453521637946,1.3990963554366687e-8,true,,5
kowalik_3,nonzero_residual_fit,dense,least_squares,4,11,dogbox,true,Success,322099.0,164480,2724,0.00015375280193298023,0.011109425669684564,1.2059073378756224e-8,true,,5
kowalik_3,nonzero_residual_fit,dense,least_squares,4,11,gn_hybrid,false,MaxIters,3.8631403e7,23987360,709059,0.00031127696286254163,0.019633554391747687,0.0007946216532802863,true,,5
kowalik_3,nonzero_residual_fit,dense,least_squares,4,11,gn_linesearch,true,Success,422548.0,199536,2972,0.00015375280193530587,0.011109453151606108,1.3644691460035219e-8,true,,5
kowalik_3,nonzero_residual_fit,dense,least_squares,4,11,gn_trustregion,false,MaxIters,3.7877156e7,23985296,709026,0.00031127696286254163,0.019633554391747687,0.0007946216532802863,true,,5
kowalik_3,nonzero_residual_fit,dense,least_squares,4,11,legacy_default,true,StalledSuccess,1.5376867e7,10445920,20187,0.00015375280192461848,0.011109438560819862,5.35968491810479e-12,true,,5
kowalik_3,nonzero_residual_fit,dense,least_squares,4,11,reflective,true,Success,876817.0,477200,11577,0.00015375280193718655,0.011109454383136014,1.4797168823577067e-8,true,,5
kowalik_3,nonzero_residual_fit,dense,least_squares,4,11,transformed_lm,true,StalledSuccess,2.23715e6,243136,2720,0.00015375280192461848,0.011109438560819862,5.35968491810479e-12,true,,5
kowalik_3,nonzero_residual_fit,dense,least_squares,4,11,transformed_trust_region,false,StalledSuccess,637427.0,3431056,1533,0.00039132377449630304,0.022424682363154175,1.2799522522755069e-5,true,,5
kowalik_4,nonzero_residual_fit,dense,least_squares,4,11,bounded_default,true,Success,248199.0,28096,343,0.00015375280193129733,0.01110945009582509,1.0785307230642971e-8,true,,5
kowalik_4,nonzero_residual_fit,dense,least_squares,4,11,bounded_lm,true,Success,619587.0,273888,5195,0.0001537528019303366,0.011109427906744684,9.980057030789524e-9,true,,5
kowalik_4,nonzero_residual_fit,dense,least_squares,4,11,bounded_trust_region,true,Success,245919.0,28000,341,0.00015375280193129733,0.01110945009582509,1.0785307230642971e-8,true,,5
kowalik_4,nonzero_residual_fit,dense,least_squares,4,11,dogbox,true,Success,2.232911e6,1230320,21090,0.00015375280193395766,0.011109452200405295,1.2754589440167052e-8,true,,5
kowalik_4,nonzero_residual_fit,dense,least_squares,4,11,gn_hybrid,true,Success,8.248168e6,4490560,79817,0.00015375280193381701,0.011109425040055132,1.2647650704522562e-8,true,,5
kowalik_4,nonzero_residual_fit,dense,least_squares,4,11,gn_linesearch,true,Success,318778.0,156528,2331,0.00015375280193689398,0.011109454197718166,1.4623645155920073e-8,true,,5
kowalik_4,nonzero_residual_fit,dense,least_squares,4,11,gn_trustregion,true,Success,8.075379e6,4490880,79804,0.0001537528019338925,0.011109424984631688,1.2699459872589358e-8,true,,5
kowalik_4,nonzero_residual_fit,dense,least_squares,4,11,legacy_default,true,StalledSuccess,7.146446e6,12329136,9838,0.00015375280192461848,0.0111094385214984,4.2135100963847094e-11,true,,5
kowalik_4,nonzero_residual_fit,dense,least_squares,4,11,reflective,true,Success,806447.0,433120,9974,0.00015375280193167073,0.011109450413592986,1.1082639528314786e-8,true,,5
kowalik_4,nonzero_residual_fit,dense,least_squares,4,11,transformed_lm,true,StalledSuccess,2.06396e6,225408,2524,0.00015375280192461856,0.01110943855841831,7.603445650872231e-12,true,,5
kowalik_4,nonzero_residual_fit,dense,least_squares,4,11,transformed_trust_region,true,StalledSuccess,422718.0,53616,686,0.00015375280192461848,0.0111094385214984,4.2135100963847094e-11,true,,5
linear_12_8_0.1,rank_deficient,dense,least_squares,8,12,bounded_default,true,Success,804776.0,2648304,1303,2.833918525423624e-17,3.6587892715544967e-9,1.435106999903013e-8,true,,5
linear_12_8_0.1,rank_deficient,dense,least_squares,8,12,bounded_lm,true,Success,119820.0,54240,709,2.7015540775067014e-23,3.752109734023179e-12,1.0015266393992306e-11,true,,5
linear_12_8_0.1,rank_deficient,dense,least_squares,8,12,bounded_trust_region,true,Success,799927.0,2647952,1301,2.833918525423624e-17,3.6587892715544967e-9,1.435106999903013e-8,true,,5
linear_12_8_0.1,rank_deficient,dense,least_squares,8,12,dogbox,true,Success,76939.0,174752,388,1.4637067577342992e-31,2.220446049250313e-16,9.51893086297749e-16,true,,5
linear_12_8_0.1,rank_deficient,dense,least_squares,8,12,gn_hybrid,true,Success,80940.0,177728,423,1.9451892438311082e-31,2.7755575615628914e-16,5.551115123125783e-16,true,,5
linear_12_8_0.1,rank_deficient,dense,least_squares,8,12,gn_linesearch,true,Success,76380.0,173600,357,1.9451892438311082e-31,2.7755575615628914e-16,5.551115123125783e-16,true,,5
linear_12_8_0.1,rank_deficient,dense,least_squares,8,12,gn_trustregion,true,Success,75909.0,175456,390,1.9451892438311082e-31,2.7755575615628914e-16,5.551115123125783e-16,true,,5
linear_12_8_0.1,rank_deficient,dense,least_squares,8,12,legacy_default,true,Success,163769.0,389880,385,5.310232654355207e-20,1.510184199915443e-10,9.979930215564536e-10,true,,5
linear_12_8_0.1,rank_deficient,dense,least_squares,8,12,reflective,true,Success,134299.0,70112,835,7.43408958533473e-32,2.220446049250313e-16,3.885780586188048e-16,true,,5
linear_12_8_0.1,rank_deficient,dense,least_squares,8,12,transformed_lm,true,Success,211189.0,41024,348,2.9764217266381358e-21,3.952294047593341e-11,3.334411843858298e-10,true,,5
linear_12_8_0.1,rank_deficient,dense,least_squares,8,12,transformed_trust_region,true,Success,229009.0,606000,496,4.118336986244017e-20,1.6488754805976669e-10,1.1857911909329832e-9,true,,5
linear_12_8_0.9,rank_deficient,dense,least_squares,8,12,bounded_default,true,Success,696686.0,2135704,1079,2.0724380072966806e-17,3.765307843295318e-9,9.187095639795473e-9,true,,5
linear_12_8_0.9,rank_deficient,dense,least_squares,8,12,bounded_lm,true,Success,118370.0,54272,711,1.1525705970880707e-22,8.492317959962747e-12,2.0337731498898393e-11,true,,5
linear_12_8_0.9,rank_deficient,dense,least_squares,8,12,bounded_trust_region,true,Success,652548.0,2135384,1077,2.0724380072966806e-17,3.765307843295318e-9,9.187095639795473e-9,true,,5
linear_12_8_0.9,rank_deficient,dense,least_squares,8,12,dogbox,true,Success,79260.0,174752,388,4.949639957075196e-31,6.661338147750939e-16,2.4424906541753444e-15,true,,5
linear_12_8_0.9,rank_deficient,dense,least_squares,8,12,gn_hybrid,true,Success,108380.0,177728,423,5.808604712271903e-31,6.661338147750939e-16,2.4424906541753444e-15,true,,5
linear_12_8_0.9,rank_deficient,dense,least_squares,8,12,gn_linesearch,true,Success,94390.0,173600,357,5.808604712271903e-31,6.661338147750939e-16,2.4424906541753444e-15,true,,5
linear_12_8_0.9,rank_deficient,dense,least_squares,8,12,gn_trustregion,true,Success,78520.0,175456,390,5.808604712271903e-31,6.661338147750939e-16,2.4424906541753444e-15,true,,5
linear_12_8_0.9,rank_deficient,dense,least_squares,8,12,legacy_default,true,Success,190909.0,463232,419,9.972465252037107e-31,8.881784197001252e-16,3.6637359812630166e-15,true,,5
linear_12_8_0.9,rank_deficient,dense,least_squares,8,12,reflective,true,Success,136190.0,70112,835,2.0478787884636657e-26,1.141309269314661e-13,7.582823258189819e-13,true,,5
linear_12_8_0.9,rank_deficient,dense,least_squares,8,12,transformed_lm,true,Success,228459.0,42928,359,5.515359710785287e-25,4.998224056862455e-13,3.684275107218582e-12,true,,5
linear_12_8_0.9,rank_deficient,dense,least_squares,8,12,transformed_trust_region,true,Success,268639.0,679352,530,4.795565561524217e-31,6.661338147750939e-16,2.1094237467877974e-15,true,,5
linear_4_8_0.1,rank_deficient,dense,least_squares,8,4,bounded_default,true,Success,436148.0,3244104,1411,4.456749895800719e-17,7.417532810194416e-9,7.883073860348588e-9,true,,5
linear_4_8_0.1,rank_deficient,dense,least_squares,8,4,bounded_lm,true,Success,113049.0,44640,709,5.211006848890189e-21,9.174794257660324e-11,3.276653948169894e-11,true,,5
linear_4_8_0.1,rank_deficient,dense,least_squares,8,4,bounded_trust_region,true,Success,399109.0,3243624,1409,4.456749895800719e-17,7.417532810194416e-9,7.883073860348588e-9,true,,5
linear_4_8_0.1,rank_deficient,dense,least_squares,8,4,dogbox,true,Success,72150.0,168704,388,3.851859888774472e-34,2.7755575615628914e-17,2.0816681711721685e-17,true,,5
linear_4_8_0.1,rank_deficient,dense,least_squares,8,4,gn_hybrid,true,Success,76270.0,171664,423,3.4666738998970245e-32,2.220446049250313e-16,4.996003610813204e-16,true,,5
linear_4_8_0.1,rank_deficient,dense,least_squares,8,4,gn_linesearch,true,Success,92580.0,168048,357,3.4666738998970245e-32,2.220446049250313e-16,4.996003610813204e-16,true,,5
linear_4_8_0.1,rank_deficient,dense,least_squares,8,4,gn_trustregion,true,Success,70760.0,169456,390,3.4666738998970245e-32,2.220446049250313e-16,4.996003610813204e-16,true,,5
linear_4_8_0.1,rank_deficient,dense,least_squares,8,4,legacy_default,true,Success,99120.0,381192,365,5.038445391307652e-21,7.818001801496166e-11,1.843420112737637e-10,true,,5
linear_4_8_0.1,rank_deficient,dense,least_squares,8,4,reflective,true,Success,126830.0,57520,835,5.373502582799765e-25,7.724376693829527e-13,2.4386048735891563e-13,true,,5
linear_4_8_0.1,rank_deficient,dense,least_squares,8,4,transformed_lm,true,Success,116770.0,19648,256,5.795109147320755e-22,2.5514257373515647e-11,3.648259472299742e-11,true,,5
linear_4_8_0.1,rank_deficient,dense,least_squares,8,4,transformed_trust_region,true,Success,184659.0,665032,494,9.629649721936179e-33,1.3877787807814457e-16,1.700029006457271e-16,true,,5
linear_4_8_0.9,rank_deficient,dense,least_squares,8,4,bounded_default,true,Success,9.392894e6,72040160,28452,1.7410406697260612e-31,4.440892098500626e-16,1.1102230246251565e-15,true,,5
linear_4_8_0.9,rank_deficient,dense,least_squares,8,4,bounded_lm,true,Success,115730.0,45280,721,8.570009191094313e-17,9.787951504858228e-9,1.7254433437585703e-9,true,,5
linear_4_8_0.9,rank_deficient,dense,least_squares,8,4,bounded_trust_region,false,MaxIters,1.3182622e7,71873808,28149,5.770185234777261e-9,7.985246701255888e-5,2.6832750499972136e-5,true,,5
linear_4_8_0.9,rank_deficient,dense,least_squares,8,4,dogbox,true,Success,74840.0,168704,388,1.2672619034068012e-31,4.440892098500626e-16,6.661338147750939e-16,true,,5
linear_4_8_0.9,rank_deficient,dense,least_squares,8,4,gn_hybrid,true,Success,198630.0,567576,1033,2.0376338811616955e-31,4.440892098500626e-16,6.661338147750939e-16,true,,5
linear_4_8_0.9,rank_deficient,dense,least_squares,8,4,gn_linesearch,true,Success,72930.0,167680,357,1.7410406697260612e-31,4.440892098500626e-16,1.1102230246251565e-15,true,,5
linear_4_8_0.9,rank_deficient,dense,least_squares,8,4,gn_trustregion,true,Success,208440.0,565368,1000,2.0376338811616955e-31,4.440892098500626e-16,6.661338147750939e-16,true,,5
linear_4_8_0.9,rank_deficient,dense,least_squares,8,4,legacy_default,true,Success,95979.0,381192,365,1.4517420732333152e-19,4.229749883677414e-10,1.334033661315459e-9,true,,5
linear_4_8_0.9,rank_deficient,dense,least_squares,8,4,reflective,true,Success,128180.0,58128,845,4.107043259136926e-16,2.163898876750281e-8,7.656774880793193e-9,true,,5
linear_4_8_0.9,rank_deficient,dense,least_squares,8,4,transformed_lm,true,Success,95509.0,19776,258,6.7955770117421e-24,2.495559314752427e-12,2.5733859487786503e-12,true,,5
linear_4_8_0.9,rank_deficient,dense,least_squares,8,4,transformed_trust_region,true,Success,229579.0,1312960,764,5.256161637819218e-24,2.1522783555383285e-12,4.759304061963121e-12,true,,5
powell_1,singular,dense,root,4,4,bounded_default,true,Success,38450.0,8544,150,2.8456512320140777e-19,7.543712854385374e-10,8.287770494300357e-14,true,,5
powell_1,singular,dense,root,4,4,bounded_lm,true,Success,294839.0,119296,2594,2.8514215994888713e-19,7.550914103723531e-10,8.299639797583643e-14,true,,5
powell_1,singular,dense,root,4,4,bounded_trust_region,true,Success,31650.0,8448,148,2.8456512320140777e-19,7.543712854385374e-10,8.287770494300357e-14,true,,5
powell_1,singular,dense,root,4,4,dogbox,true,Success,162470.0,76720,1489,2.845651231974786e-19,7.543712854333215e-10,8.287768800234463e-14,true,,5
powell_1,singular,dense,root,4,4,gn_hybrid,true,Success,171950.0,88464,1712,2.845651231974786e-19,7.543712854333215e-10,8.287768800234463e-14,true,,5
powell_1,singular,dense,root,4,4,gn_linesearch,true,Success,141680.0,65168,1184,2.845651231974786e-19,7.543712854333215e-10,8.287768800234463e-14,true,,5
powell_1,singular,dense,root,4,4,gn_trustregion,true,Success,170569.0,86976,1681,2.845651231974786e-19,7.543712854333215e-10,8.287768800234463e-14,true,,5
powell_1,singular,dense,root,4,4,legacy_default,true,Success,71789.0,14896,239,1.5116416980614564e-19,5.492352768369404e-10,4.577914034927465e-14,true,,5
powell_1,singular,dense,root,4,4,reflective,true,Success,283179.0,120416,2478,2.968588852711898e-19,6.435765400174766e-10,6.52991319328132e-14,true,,5
powell_1,singular,dense,root,4,4,transformed_lm,true,Success,345708.0,39232,550,2.6577850526675006e-19,7.282962743580241e-10,4.5231197721486984e-13,true,,5
powell_1,singular,dense,root,4,4,transformed_trust_region,true,Success,56190.0,14944,253,9.69953567368855e-20,4.369827060743298e-10,3.6538975241740684e-14,true,,5
powell_2,singular,dense,root,4,4,bounded_default,true,Success,36810.0,78944,177,2.4665619342752315e-19,6.863730227526016e-10,6.395438242575227e-14,true,,5
powell_2,singular,dense,root,4,4,bounded_lm,true,Success,245729.0,98608,2141,2.3393408025402822e-19,6.644349464144122e-10,6.09128056967747e-14,true,,5
powell_2,singular,dense,root,4,4,bounded_trust_region,true,Success,35480.0,78848,175,2.4665619342752315e-19,6.863730227526016e-10,6.395438242575227e-14,true,,5
powell_2,singular,dense,root,4,4,dogbox,true,Success,143300.0,134016,1262,2.4665619342779336e-19,6.863730227525476e-10,6.395438581388406e-14,true,,5
powell_2,singular,dense,root,4,4,gn_hybrid,true,Success,156000.0,143840,1449,2.4665619342779336e-19,6.863730227525476e-10,6.395438581388406e-14,true,,5
powell_2,singular,dense,root,4,4,gn_linesearch,true,Success,129879.0,124912,1020,2.4665619342779336e-19,6.863730227525476e-10,6.395438581388406e-14,true,,5
powell_2,singular,dense,root,4,4,gn_trustregion,true,Success,150540.0,142352,1418,2.4665619342779336e-19,6.863730227525476e-10,6.395438581388406e-14,true,,5
powell_2,singular,dense,root,4,4,legacy_default,true,Success,56100.0,85008,260,2.4867345298043003e-19,6.895434244714662e-10,1.2794261652324156e-13,true,,5
powell_2,singular,dense,root,4,4,reflective,true,Success,187709.0,87216,1793,3.3863282406358093e-19,6.673454989688726e-10,6.895470421053058e-14,true,,5
powell_2,singular,dense,root,4,4,transformed_lm,true,Success,305888.0,32928,472,1.1749182621555432e-19,4.1364472151097605e-10,1.406824852560556e-12,true,,5
powell_2,singular,dense,root,4,4,transformed_trust_region,true,Success,64019.0,84960,272,2.491960929676679e-19,7.059578701913327e-10,7.724927434651831e-14,true,,5
powell_3,singular,dense,root,4,4,bounded_default,true,Success,33440.0,8544,150,3.1686982322937876e-19,6.101926451889204e-10,6.029210503522443e-14,true,,5
powell_3,singular,dense,root,4,4,bounded_lm,true,Success,324779.0,130224,2838,3.7153008762278985e-19,7.070073320569702e-10,6.685992566340081e-14,true,,5
powell_3,singular,dense,root,4,4,bounded_trust_region,true,Success,33090.0,8448,148,3.1686982322937876e-19,6.101926451889204e-10,6.029210503522443e-14,true,,5
powell_3,singular,dense,root,4,4,dogbox,true,Success,172400.0,82048,1595,3.402060471600703e-19,5.885174866451616e-10,5.558117205687555e-14,true,,5
powell_3,singular,dense,root,4,4,gn_hybrid,true,Success,234079.0,123248,2761,3.429486090984057e-20,1.8802799456851396e-10,9.845973659322084e-15,true,,5
powell_3,singular,dense,root,4,4,gn_linesearch,true,Success,151249.0,68688,1247,1.4056564045404691e-19,5.238689482159091e-10,4.7961609252818345e-14,true,,5
powell_3,singular,dense,root,4,4,gn_trustregion,true,Success,231019.0,121760,2730,3.429486090984057e-20,1.8802799456851396e-10,9.845973659322084e-15,true,,5
powell_3,singular,dense,root,4,4,legacy_default,true,Success,147080.0,89808,775,1.5389893171520098e-19,5.23005712853677e-10,4.2983321336096964e-14,true,,5
powell_3,singular,dense,root,4,4,reflective,true,Success,271609.0,127056,2615,3.4741961726091194e-19,6.550800657906656e-10,5.963184793503738e-14,true,,5
powell_3,singular,dense,root,4,4,transformed_lm,false,Stalled,2.07522e6,210640,2661,10.010142957927592,3.191057325282595,2.0,true,,5
powell_3,singular,dense,root,4,4,transformed_trust_region,true,Success,72109.0,15712,269,1.5389893171520098e-19,5.23005712853677e-10,4.2983321336096964e-14,true,,5
rosenbrock_100_false_1,rosenbrock,dense,root,100,100,bounded_default,true,Success,1.658382e6,277856,155,0.0,0.0,0.0,true,,5
rosenbrock_100_false_1,rosenbrock,dense,root,100,100,bounded_lm,true,Success,1.0947292e7,5831488,4217,1.5778135455975776e-20,2.3914203950425872e-11,4.70587568912606e-10,true,,5
rosenbrock_100_false_1,rosenbrock,dense,root,100,100,bounded_trust_region,true,Success,1.785244e6,276928,153,0.0,0.0,0.0,true,,5
rosenbrock_100_false_1,rosenbrock,dense,root,100,100,dogbox,true,Success,1.3026835e7,6038576,1834,0.0,0.0,0.0,true,,5
rosenbrock_100_false_1,rosenbrock,dense,root,100,100,gn_hybrid,true,Success,1.141345e7,5884272,11125,0.0,0.0,0.0,true,,5
rosenbrock_100_false_1,rosenbrock,dense,root,100,100,gn_linesearch,true,Success,6.913816e6,3906512,853,0.0,0.0,0.0,true,,5
rosenbrock_100_false_1,rosenbrock,dense,root,100,100,gn_trustregion,true,Success,1.9125053e7,8933024,19480,0.0,0.0,0.0,true,,5
rosenbrock_100_false_1,rosenbrock,dense,root,100,100,legacy_default,true,Success,6.43888e6,2349144,961,5.8772340137800135e-19,1.5332624059283262e-10,3.0665239236782327e-9,true,,5
rosenbrock_100_false_1,rosenbrock,dense,root,100,100,reflective,true,Success,2.3118309e7,10362672,15888,5.332115746520022e-23,1.3052892100517965e-12,1.179534248052505e-11,true,,5
rosenbrock_100_false_1,rosenbrock,dense,root,100,100,transformed_lm,true,Success,2.0274964e7,2408376,589,2.09555188119008e-21,8.93507490218326e-12,1.7670487295617932e-10,true,,5
rosenbrock_100_false_1,rosenbrock,dense,root,100,100,transformed_trust_region,true,Success,1.249964e6,315200,252,5.8772340137800135e-19,1.5332624059283262e-10,3.0665239236782327e-9,true,,5
rosenbrock_100_false_2,rosenbrock,dense,root,100,100,bounded_default,true,Success,1.068335e6,277856,155,0.0,0.0,0.0,true,,5
rosenbrock_100_false_2,rosenbrock,dense,root,100,100,bounded_lm,true,Success,6.964226e6,3796864,1580,4.321139682743643e-26,3.6637359812630166e-14,7.13096248716738e-13,true,,5
rosenbrock_100_false_2,rosenbrock,dense,root,100,100,bounded_trust_region,true,Success,1.140446e6,276928,153,0.0,0.0,0.0,true,,5
rosenbrock_100_false_2,rosenbrock,dense,root,100,100,dogbox,true,Success,1.3697502e7,6036720,1830,0.0,0.0,0.0,true,,5
rosenbrock_100_false_2,rosenbrock,dense,root,100,100,gn_hybrid,true,Success,9.357917e6,5145024,9858,0.0,0.0,0.0,true,,5
rosenbrock_100_false_2,rosenbrock,dense,root,100,100,gn_linesearch,true,Success,5.110002e6,2941136,652,0.0,0.0,0.0,true,,5
rosenbrock_100_false_2,rosenbrock,dense,root,100,100,gn_trustregion,true,Success,1.3175294e7,6264448,12643,0.0,0.0,0.0,true,,5
rosenbrock_100_false_2,rosenbrock,dense,root,100,100,legacy_default,true,Success,354738.0,295888,218,8.730292790878252e-18,5.909095435185918e-10,1.1812057110205387e-8,true,,5
rosenbrock_100_false_2,rosenbrock,dense,root,100,100,reflective,true,Success,1.142055e7,5732096,5490,0.0,0.0,0.0,true,,5
rosenbrock_100_false_2,rosenbrock,dense,root,100,100,transformed_lm,true,Success,9.831404e6,1523864,425,2.7503387974497206e-17,8.493681313836987e-10,1.1463493709840122e-8,true,,5
rosenbrock_100_false_2,rosenbrock,dense,root,100,100,transformed_trust_region,true,Success,841546.0,310560,242,1.816494425454102e-17,8.524070338467027e-10,1.704800345336821e-8,true,,5
rosenbrock_100_true_1,rosenbrock,dense,least_squares,100,100,bounded_default,true,Success,1.483923e6,277856,153,6.25,0.5,0.0,true,,5
rosenbrock_100_true_1,rosenbrock,dense,least_squares,100,100,bounded_lm,false,Stalled,2.0327298e7,6796624,8442,6.25,0.5,2.6372604100544095e-8,true,,5
rosenbrock_100_true_1,rosenbrock,dense,least_squares,100,100,bounded_trust_region,true,Success,2.071653e6,276928,151,6.25,0.5,0.0,true,,5
rosenbrock_100_true_1,rosenbrock,dense,least_squares,100,100,dogbox,true,Success,1.0801532e7,4042160,1230,6.25,0.5,0.0,true,,5
rosenbrock_100_true_1,rosenbrock,dense,least_squares,100,100,gn_hybrid,true,Success,1.8176386e7,6352768,13693,6.25,0.5,0.0,true,,5
rosenbrock_100_true_1,rosenbrock,dense,least_squares,100,100,gn_linesearch,true,Success,9.550386e6,3589696,795,6.25,0.5,0.0,true,,5
rosenbrock_100_true_1,rosenbrock,dense,least_squares,100,100,gn_trustregion,true,Success,1.5863634e7,5950224,12749,6.25,0.5,0.0,true,,5
rosenbrock_100_true_1,rosenbrock,dense,least_squares,100,100,legacy_default,false,MaxIters,2.491079597e9,388288496,69428,6.25,0.5,0.0,true,,5
rosenbrock_100_true_1,rosenbrock,dense,least_squares,100,100,reflective,true,Success,2.0954867e7,7085504,12435,6.250000000000005,0.5000000000000002,2.0636298225795713e-11,true,,5
rosenbrock_100_true_1,rosenbrock,dense,least_squares,100,100,transformed_lm,false,MaxIters,1.330012162e9,232080096,41712,6.25,0.5,3.552713678800501e-12,true,,5
rosenbrock_100_true_1,rosenbrock,dense,least_squares,100,100,transformed_trust_region,true,StalledSuccess,4.598508e6,347168,318,6.25,0.5,4.440892098500626e-14,true,,5
rosenbrock_100_true_2,rosenbrock,dense,least_squares,100,100,bounded_default,true,Success,1.355094e6,277856,153,6.25,0.5,0.0,true,,5
rosenbrock_100_true_2,rosenbrock,dense,least_squares,100,100,bounded_lm,false,Stalled,7.629263e6,4080592,4726,6.25,0.5,2.5025165273362404e-8,true,,5
rosenbrock_100_true_2,rosenbrock,dense,least_squares,100,100,bounded_trust_region,true,Success,1.624954e6,276928,151,6.25,0.5,0.0,true,,5
rosenbrock_100_true_2,rosenbrock,dense,least_squares,100,100,dogbox,true,Success,4.983502e6,3033232,904,6.25,0.5,0.0,true,,5
rosenbrock_100_true_2,rosenbrock,dense,least_squares,100,100,gn_hybrid,true,Success,8.35245e6,4816896,9698,6.25,0.5,0.0,true,,5
rosenbrock_100_true_2,rosenbrock,dense,least_squares,100,100,gn_linesearch,true,Success,2.87606e6,1980736,460,6.25,0.5,0.0,true,,5
rosenbrock_100_true_2,rosenbrock,dense,least_squares,100,100,gn_trustregion,true,Success,4.450525e6,2903472,4931,6.25,0.5,0.0,true,,5
rosenbrock_100_true_2,rosenbrock,dense,least_squares,100,100,legacy_default,true,StalledSuccess,2.549584581e9,397599744,71870,6.25,0.5,8.881784197001252e-13,true,,5
rosenbrock_100_true_2,rosenbrock,dense,least_squares,100,100,reflective,true,Success,9.538756e6,3829712,8769,6.25000000000005,0.500000000000002,1.187383524836605e-11,true,,5
rosenbrock_100_true_2,rosenbrock,dense,least_squares,100,100,transformed_lm,false,MaxIters,1.362627397e9,236166136,42424,6.25,0.5,8.881784197001252e-13,true,,5
rosenbrock_100_true_2,rosenbrock,dense,least_squares,100,100,transformed_trust_region,true,StalledSuccess,3.439653e6,338816,300,6.25,0.5,0.0,true,,5
rosenbrock_20_false_1,rosenbrock,dense,root,20,20,bounded_default,true,Success,127489.0,21432,153,0.0,0.0,0.0,true,,5
rosenbrock_20_false_1,rosenbrock,dense,root,20,20,bounded_lm,true,Success,994866.0,457048,2655,1.785414095644743e-26,4.884981308350689e-14,6.394884621840902e-13,true,,5
rosenbrock_20_false_1,rosenbrock,dense,root,20,20,bounded_trust_region,true,Success,130779.0,21208,151,0.0,0.0,0.0,true,,5
rosenbrock_20_false_1,rosenbrock,dense,root,20,20,dogbox,true,Success,839867.0,445672,1832,0.0,0.0,0.0,true,,5
rosenbrock_20_false_1,rosenbrock,dense,root,20,20,gn_hybrid,true,Success,2.104503e6,1298968,21611,0.0,0.0,0.0,true,,5
rosenbrock_20_false_1,rosenbrock,dense,root,20,20,gn_linesearch,true,Success,504928.0,260808,851,0.0,0.0,0.0,true,,5
rosenbrock_20_false_1,rosenbrock,dense,root,20,20,gn_trustregion,true,Success,2.141433e6,1287320,21508,0.0,0.0,0.0,true,,5
rosenbrock_20_false_1,rosenbrock,dense,root,20,20,legacy_default,true,Success,460277.0,663712,948,1.1754468027560027e-19,1.5332624059283262e-10,3.0665239236782327e-9,true,,5
rosenbrock_20_false_1,rosenbrock,dense,root,20,20,reflective,true,Success,1.723904e6,983592,13483,4.24081419224045e-23,2.794431352981519e-12,5.5068394289037315e-11,true,,5
rosenbrock_20_false_1,rosenbrock,dense,root,20,20,transformed_lm,true,Success,1.441273e6,263616,585,4.1911037623801597e-22,8.93507490218326e-12,1.7670487295617932e-10,true,,5
rosenbrock_20_false_1,rosenbrock,dense,root,20,20,transformed_trust_region,true,Success,124410.0,32344,248,1.1754468027560027e-19,1.5332624059283262e-10,3.0665239236782327e-9,true,,5
rosenbrock_20_false_2,rosenbrock,dense,root,20,20,bounded_default,true,Success,98540.0,21432,153,0.0,0.0,0.0,true,,5
rosenbrock_20_false_2,rosenbrock,dense,root,20,20,bounded_lm,true,Success,583508.0,296920,1578,6.162975822039155e-32,1.1102230246251565e-16,1.1102230246251565e-16,true,,5
rosenbrock_20_false_2,rosenbrock,dense,root,20,20,bounded_trust_region,true,Success,96870.0,21208,151,0.0,0.0,0.0,true,,5
rosenbrock_20_false_2,rosenbrock,dense,root,20,20,dogbox,true,Success,813977.0,445224,1828,0.0,0.0,0.0,true,,5
rosenbrock_20_false_2,rosenbrock,dense,root,20,20,gn_hybrid,true,Success,2.148753e6,861848,13816,0.0,0.0,0.0,true,,5
rosenbrock_20_false_2,rosenbrock,dense,root,20,20,gn_linesearch,true,Success,357189.0,193944,650,0.0,0.0,0.0,true,,5
rosenbrock_20_false_2,rosenbrock,dense,root,20,20,gn_trustregion,true,Success,1.671054e6,1005528,16531,0.0,0.0,0.0,true,,5
rosenbrock_20_false_2,rosenbrock,dense,root,20,20,legacy_default,true,Success,54830.0,28520,214,1.7460585581756504e-18,5.909095435185918e-10,1.1812057110205387e-8,true,,5
rosenbrock_20_false_2,rosenbrock,dense,root,20,20,reflective,true,Success,1.464415e6,854168,12045,6.224605580259546e-30,1.1102230246251565e-15,2.2315482794965646e-14,true,,5
rosenbrock_20_false_2,rosenbrock,dense,root,20,20,transformed_lm,true,Success,796966.0,154528,421,5.500781662790843e-18,8.493681313836987e-10,1.1463493709840122e-8,true,,5
rosenbrock_20_false_2,rosenbrock,dense,root,20,20,transformed_trust_region,true,Success,95750.0,31224,238,3.632761729435459e-18,8.523803884941117e-10,1.704746921404876e-8,true,,5
rosenbrock_20_true_1,rosenbrock,dense,least_squares,20,20,bounded_default,true,Success,116920.0,21432,151,1.25,0.5,0.0,true,,5
rosenbrock_20_true_1,rosenbrock,dense,least_squares,20,20,bounded_lm,true,Success,1.572485e6,491880,3298,1.25,0.5,5.266856423213895e-9,true,,5
rosenbrock_20_true_1,rosenbrock,dense,least_squares,20,20,bounded_trust_region,true,Success,174850.0,21208,149,1.25,0.5,0.0,true,,5
rosenbrock_20_true_1,rosenbrock,dense,least_squares,20,20,dogbox,true,Success,802857.0,294952,1228,1.25,0.5,0.0,true,,5
rosenbrock_20_true_1,rosenbrock,dense,least_squares,20,20,gn_hybrid,true,Success,1.588044e6,657080,10889,1.25,0.5,0.0,true,,5
rosenbrock_20_true_1,rosenbrock,dense,least_squares,20,20,gn_linesearch,true,Success,599617.0,239976,793,1.25,0.5,0.0,true,,5
rosenbrock_20_true_1,rosenbrock,dense,least_squares,20,20,gn_trustregion,true,Success,1.770413e6,757896,12733,1.25,0.5,0.0,true,,5
rosenbrock_20_true_1,rosenbrock,dense,least_squares,20,20,legacy_default,false,MaxIters,1.45694302e8,156189864,67624,1.25,0.5,0.0,true,,5
rosenbrock_20_true_1,rosenbrock,dense,least_squares,20,20,reflective,true,Success,1.849714e6,759624,9304,1.25,0.5,2.217698247264366e-12,true,,5
rosenbrock_20_true_1,rosenbrock,dense,least_squares,20,20,transformed_lm,false,MaxIters,7.7880312e7,100774544,40522,1.25,0.5,3.552713678800501e-12,true,,5
rosenbrock_20_true_1,rosenbrock,dense,least_squares,20,20,transformed_trust_region,true,StalledSuccess,350629.0,40376,314,1.25,0.5,4.440892098500626e-14,true,,5
rosenbrock_20_true_2,rosenbrock,dense,least_squares,20,20,bounded_default,true,Success,68080.0,21432,151,1.25,0.5,0.0,true,,5
rosenbrock_20_true_2,rosenbrock,dense,least_squares,20,20,bounded_lm,true,Success,511758.0,253896,1668,1.25,0.5,5.003600339614778e-9,true,,5
rosenbrock_20_true_2,rosenbrock,dense,least_squares,20,20,bounded_trust_region,true,Success,76630.0,21208,149,1.25,0.5,0.0,true,,5
rosenbrock_20_true_2,rosenbrock,dense,least_squares,20,20,dogbox,true,Success,379539.0,216968,902,1.25,0.5,0.0,true,,5
rosenbrock_20_true_2,rosenbrock,dense,least_squares,20,20,gn_hybrid,true,Success,702557.0,434824,6923,1.25,0.5,0.0,true,,5
rosenbrock_20_true_2,rosenbrock,dense,least_squares,20,20,gn_linesearch,true,Success,222489.0,128536,458,1.25,0.5,0.0,true,,5
rosenbrock_20_true_2,rosenbrock,dense,least_squares,20,20,gn_trustregion,true,Success,1.290666e6,790984,13294,1.25,0.5,0.0,true,,5
rosenbrock_20_true_2,rosenbrock,dense,least_squares,20,20,legacy_default,true,StalledSuccess,1.50507598e8,160002080,69882,1.25,0.5,8.881784197001252e-13,true,,5
rosenbrock_20_true_2,rosenbrock,dense,least_squares,20,20,reflective,true,Success,1.388835e6,464872,6408,1.25,0.5,1.3597456494096605e-13,true,,5
rosenbrock_20_true_2,rosenbrock,dense,least_squares,20,20,transformed_lm,false,MaxIters,7.6569508e7,101676832,40792,1.25,0.5,8.881784197001252e-13,true,,5
rosenbrock_20_true_2,rosenbrock,dense,least_squares,20,20,transformed_trust_region,true,StalledSuccess,295178.0,38360,296,1.25,0.5,0.0,true,,5
rosenbrock_2_false_1,rosenbrock,dense,root,2,2,bounded_default,true,Success,44270.0,7792,150,0.0,0.0,0.0,true,,5
rosenbrock_2_false_1,rosenbrock,dense,root,2,2,bounded_lm,true,Success,205890.0,83872,2239,6.224605580259546e-31,1.1102230246251565e-15,2.2315482794965646e-14,true,,5
rosenbrock_2_false_1,rosenbrock,dense,root,2,2,bounded_trust_region,true,Success,43319.0,7712,148,0.0,0.0,0.0,true,,5
rosenbrock_2_false_1,rosenbrock,dense,root,2,2,dogbox,true,Success,126460.0,69968,1763,0.0,0.0,0.0,true,,5
rosenbrock_2_false_1,rosenbrock,dense,root,2,2,gn_hybrid,true,Success,513858.0,330976,11007,0.0,0.0,0.0,true,,5
rosenbrock_2_false_1,rosenbrock,dense,root,2,2,gn_linesearch,true,Success,69870.0,33760,806,0.0,0.0,0.0,true,,5
rosenbrock_2_false_1,rosenbrock,dense,root,2,2,gn_trustregion,true,Success,536298.0,359776,12017,0.0,0.0,0.0,true,,5
rosenbrock_2_false_1,rosenbrock,dense,root,2,2,legacy_default,true,Success,143859.0,412416,902,8.06907242276255e-22,4.0172309923036664e-11,8.034461984607333e-10,true,,5
rosenbrock_2_false_1,rosenbrock,dense,root,2,2,reflective,true,Success,646258.0,387744,12509,1.0921158312970838e-24,1.3911094498553211e-12,2.7323143747537415e-11,true,,5
rosenbrock_2_false_1,rosenbrock,dense,root,2,2,transformed_lm,true,Success,181560.0,27664,520,4.986507610743199e-19,9.98347626790519e-10,5.070073250124096e-10,true,,5
rosenbrock_2_false_1,rosenbrock,dense,root,2,2,transformed_trust_region,true,Success,66070.0,13456,247,8.06907242276255e-22,4.0172309923036664e-11,8.034461984607333e-10,true,,5
rosenbrock_2_false_2,rosenbrock,dense,root,2,2,bounded_default,true,Success,28170.0,7792,150,0.0,0.0,0.0,true,,5
rosenbrock_2_false_2,rosenbrock,dense,root,2,2,bounded_lm,true,Success,142959.0,58144,1537,0.0,0.0,0.0,true,,5
rosenbrock_2_false_2,rosenbrock,dense,root,2,2,bounded_trust_region,true,Success,27870.0,7712,148,0.0,0.0,0.0,true,,5
rosenbrock_2_false_2,rosenbrock,dense,root,2,2,dogbox,true,Success,127069.0,69808,1759,0.0,0.0,0.0,true,,5
rosenbrock_2_false_2,rosenbrock,dense,root,2,2,gn_hybrid,true,Success,259639.0,163328,5328,0.0,0.0,0.0,true,,5
rosenbrock_2_false_2,rosenbrock,dense,root,2,2,gn_linesearch,true,Success,54050.0,25888,617,0.0,0.0,0.0,true,,5
rosenbrock_2_false_2,rosenbrock,dense,root,2,2,gn_trustregion,true,Success,378559.0,239616,8023,0.0,0.0,0.0,true,,5
rosenbrock_2_false_2,rosenbrock,dense,root,2,2,legacy_default,true,Success,38980.0,12960,217,3.944304526105059e-29,8.881784197001252e-15,1.7763568394002505e-13,true,,5
rosenbrock_2_false_2,rosenbrock,dense,root,2,2,reflective,true,Success,506939.0,293136,9461,1.0336351996473587e-26,1.262323578998803e-13,1.2504441926353138e-12,true,,5
rosenbrock_2_false_2,rosenbrock,dense,root,2,2,transformed_lm,true,Success,119580.0,21232,393,2.1231229312205121e-19,6.514060402196264e-10,3.0803626316355803e-10,true,,5
rosenbrock_2_false_2,rosenbrock,dense,root,2,2,transformed_trust_region,true,Success,48100.0,13136,239,9.959368928415274e-30,4.440892098500626e-15,8.926193117986259e-14,true,,5
rosenbrock_2_true_1,rosenbrock,dense,least_squares,2,2,bounded_default,true,Success,43589.0,7792,148,0.125,0.5,0.0,true,,5
rosenbrock_2_true_1,rosenbrock,dense,least_squares,2,2,bounded_lm,true,Success,196789.0,77040,2065,0.125,0.5,5.262623670176936e-10,true,,5
rosenbrock_2_true_1,rosenbrock,dense,least_squares,2,2,bounded_trust_region,true,Success,42370.0,7712,146,0.125,0.5,0.0,true,,5
rosenbrock_2_true_1,rosenbrock,dense,least_squares,2,2,dogbox,true,Success,86190.0,47168,1183,0.125,0.5,0.0,true,,5
rosenbrock_2_true_1,rosenbrock,dense,least_squares,2,2,gn_hybrid,true,Success,645748.0,298656,9926,0.125,0.5,0.0,true,,5
rosenbrock_2_true_1,rosenbrock,dense,least_squares,2,2,gn_linesearch,true,Success,64680.0,31872,752,0.125,0.5,0.0,true,,5
rosenbrock_2_true_1,rosenbrock,dense,least_squares,2,2,gn_trustregion,true,Success,766688.0,519024,17377,0.125,0.5,0.0,true,,5
rosenbrock_2_true_1,rosenbrock,dense,least_squares,2,2,legacy_default,false,MaxIters,2.0776282e7,125144016,59613,0.125,0.5,0.0,true,,5
rosenbrock_2_true_1,rosenbrock,dense,least_squares,2,2,reflective,true,Success,442308.0,244752,7611,0.12500000000000017,0.5000000000000003,2.511324481702104e-11,true,,5
rosenbrock_2_true_1,rosenbrock,dense,least_squares,2,2,transformed_lm,false,MaxIters,1.265527e7,82688624,35894,0.125,0.5,3.552713678800501e-12,true,,5
rosenbrock_2_true_1,rosenbrock,dense,least_squares,2,2,transformed_trust_region,true,StalledSuccess,114679.0,16512,311,0.125,0.5,4.440892098500626e-14,true,,5
rosenbrock_2_true_2,rosenbrock,dense,least_squares,2,2,bounded_default,true,Success,36320.0,7792,148,0.125,0.5,0.0,true,,5
rosenbrock_2_true_2,rosenbrock,dense,least_squares,2,2,bounded_lm,true,Success,116239.0,45552,1203,0.125,0.5,5.00280400439479e-10,true,,5
rosenbrock_2_true_2,rosenbrock,dense,least_squares,2,2,bounded_trust_region,true,Success,34950.0,7712,146,0.125,0.5,0.0,true,,5
rosenbrock_2_true_2,rosenbrock,dense,least_squares,2,2,dogbox,true,Success,66550.0,34800,869,0.125,0.5,0.0,true,,5
rosenbrock_2_true_2,rosenbrock,dense,least_squares,2,2,gn_hybrid,true,Success,209619.0,128608,4162,0.125,0.5,0.0,true,,5
rosenbrock_2_true_2,rosenbrock,dense,least_squares,2,2,gn_linesearch,true,Success,40960.0,18752,437,0.125,0.5,0.0,true,,5
rosenbrock_2_true_2,rosenbrock,dense,least_squares,2,2,gn_trustregion,true,Success,361249.0,234144,7855,0.125,0.5,0.0,true,,5
rosenbrock_2_true_2,rosenbrock,dense,least_squares,2,2,legacy_default,true,StalledSuccess,2.114233e7,129536384,63231,0.125,0.5,7.993605777301127e-13,true,,5
rosenbrock_2_true_2,rosenbrock,dense,least_squares,2,2,reflective,true,Success,461398.0,261536,8554,0.12500000000000755,0.5000000000000151,4.981098589151856e-10,true,,5
rosenbrock_2_true_2,rosenbrock,dense,least_squares,2,2,transformed_lm,false,MaxIters,1.1323497e7,84468864,36447,0.125,0.5,4.440892098500626e-13,true,,5
rosenbrock_2_true_2,rosenbrock,dense,least_squares,2,2,transformed_trust_region,true,StalledSuccess,192779.0,16992,323,0.125,0.5,4.440892098500626e-14,true,,5
wood_1,wood,dense,least_squares,4,6,bounded_default,true,Success,516968.0,47968,586,4.427879124299455e-22,2.2893442881894953e-11,4.3549386319341465e-10,true,,5
wood_1,wood,dense,least_squares,4,6,bounded_lm,true,Success,1.084626e6,457408,9539,1.8293006464734839e-28,1.3692250527449135e-14,2.6711965972481266e-13,true,,5
wood_1,wood,dense,least_squares,4,6,bounded_trust_region,true,Success,514358.0,47872,584,4.427879124299455e-22,2.2893442881894953e-11,4.3549386319341465e-10,true,,5
wood_1,wood,dense,least_squares,4,6,dogbox,true,Success,556278.0,277584,5187,0.0,0.0,0.0,true,,5
wood_1,wood,dense,least_squares,4,6,gn_hybrid,true,Success,1.766524e6,1028032,30875,8.147807020929451e-23,1.149080830487037e-11,2.303066626296868e-10,true,,5
wood_1,wood,dense,least_squares,4,6,gn_linesearch,true,Success,523238.0,242032,4081,1.9815446382053173e-28,1.4745500568022144e-14,2.8044233602031454e-13,true,,5
wood_1,wood,dense,least_squares,4,6,gn_trustregion,true,Success,1.571484e6,969200,29061,0.0,0.0,0.0,true,,5
wood_1,wood,dense,least_squares,4,6,legacy_default,false,MaxIters,7.728324e6,4252656,11305,175.99473852093323,12.64911036100138,4.9999999938958615,true,,5
wood_1,wood,dense,least_squares,4,6,reflective,true,Success,1.892794e6,1012176,27660,5.090281230274328e-19,6.539962680013988e-10,4.4744365990112556e-9,true,,5
wood_1,wood,dense,least_squares,4,6,transformed_lm,false,StalledSuccess,699387.0,55104,673,2559.0,50.0,6.0,true,,5
wood_1,wood,dense,least_squares,4,6,transformed_trust_region,false,MaxIters,8.169001e6,591120,7525,175.99473852093323,12.64911036100138,4.9999999938958615,true,,5
wood_2,wood,dense,least_squares,4,6,bounded_default,true,Success,505818.0,47248,577,5.735249876902287e-22,2.5948921249597254e-11,4.936200337368746e-10,true,,5
wood_2,wood,dense,least_squares,4,6,bounded_lm,true,Success,1.060796e6,450192,9388,5.552841215657278e-31,1.0532500405730103e-15,1.9984014443252818e-14,true,,5
wood_2,wood,dense,least_squares,4,6,bounded_trust_region,true,Success,821167.0,47152,575,5.735249876902287e-22,2.5948921249597254e-11,4.936200337368746e-10,true,,5
wood_2,wood,dense,least_squares,4,6,dogbox,true,Success,805518.0,397456,7407,2.0844034077385186e-23,4.7417316826596925e-12,9.020628688460874e-11,true,,5
wood_2,wood,dense,least_squares,4,6,gn_hybrid,true,Success,1.742544e6,1066640,30344,0.0,0.0,0.0,true,,5
wood_2,wood,dense,least_squares,4,6,gn_linesearch,true,Success,513448.0,238288,4018,0.0,0.0,0.0,true,,5
wood_2,wood,dense,least_squares,4,6,gn_trustregion,true,Success,1.800084e6,1089712,31251,6.74592932367198e-24,3.277714126263208e-12,6.233635829744344e-11,true,,5
wood_2,wood,dense,least_squares,4,6,legacy_default,true,Success,478958.0,50288,598,2.9916717582251865e-25,7.371880883511039e-13,1.474376176702208e-11,true,,5
wood_2,wood,dense,least_squares,4,6,reflective,true,Success,1.671834e6,925040,25175,2.2211364862629112e-30,2.1065000811460206e-15,3.9968028886505635e-14,true,,5
wood_2,wood,dense,least_squares,4,6,transformed_lm,true,Success,1.030355e6,120368,1468,2.573873904538495e-24,1.4579789228305322e-12,1.1223910689750483e-11,true,,5
wood_2,wood,dense,least_squares,4,6,transformed_trust_region,true,Success,473957.0,56880,743,1.750790497476527e-27,5.2662502028650517e-14,1.0018652574217413e-12,true,,5
wood_3,wood,dense,least_squares,4,6,bounded_default,true,Success,49350.0,11744,178,3.005560048892055e-28,1.7763568394002505e-14,3.561595462997502e-13,true,,5
wood_3,wood,dense,least_squares,4,6,bounded_lm,true,Success,111350.0,46096,932,3.005560048892055e-28,1.7763568394002505e-14,3.561595462997502e-13,true,,5
wood_3,wood,dense,least_squares,4,6,bounded_trust_region,true,Success,49000.0,11648,176,3.005560048892055e-28,1.7763568394002505e-14,3.561595462997502e-13,true,,5
wood_3,wood,dense,least_squares,4,6,dogbox,true,Success,68630.0,31872,585,5.71365342927607e-20,2.389022313309397e-10,4.790012608779648e-9,true,,5
wood_3,wood,dense,least_squares,4,6,gn_hybrid,true,Success,162579.0,92448,2507,0.0,0.0,0.0,true,,5
wood_3,wood,dense,least_squares,4,6,gn_linesearch,true,Success,61280.0,28624,490,3.005560048892055e-28,1.7763568394002505e-14,3.561595462997502e-13,true,,5
wood_3,wood,dense,least_squares,4,6,gn_trustregion,true,Success,157859.0,90528,2475,0.0,0.0,0.0,true,,5
wood_3,wood,dense,least_squares,4,6,legacy_default,true,Success,110590.0,22128,246,1.4890735662178123e-28,1.3322676295501878e-14,2.6645352591003757e-13,true,,5
wood_3,wood,dense,least_squares,4,6,reflective,true,Success,137289.0,64112,1243,6.493311326100453e-30,2.220446049250313e-15,4.551914400963142e-14,true,,5
wood_3,wood,dense,least_squares,4,6,transformed_lm,true,Success,156579.0,28336,372,1.333560867620989e-19,3.4422949776031466e-10,3.206483967232998e-10,true,,5
wood_3,wood,dense,least_squares,4,6,transformed_trust_region,true,Success,112399.0,18352,255,9.673554761692386e-27,1.0880185641326534e-13,2.1813661987835076e-12,true,,5
wood_4,wood,dense,least_squares,4,6,bounded_default,true,Success,56550.0,12288,184,0.0,0.0,0.0,true,,5
wood_4,wood,dense,least_squares,4,6,bounded_lm,true,Success,128400.0,53312,1083,0.0,0.0,0.0,true,,5
wood_4,wood,dense,least_squares,4,6,bounded_trust_region,true,Success,56529.0,12192,182,0.0,0.0,0.0,true,,5
wood_4,wood,dense,least_squares,4,6,dogbox,true,Success,108809.0,52816,979,5.749801870458719e-20,2.561662086179647e-10,4.873087933177089e-9,true,,5
wood_4,wood,dense,least_squares,4,6,gn_hybrid,true,Success,136380.0,67520,1650,0.0,0.0,0.0,true,,5
wood_4,wood,dense,least_squares,4,6,gn_linesearch,true,Success,69060.0,32368,553,0.0,0.0,0.0,true,,5
wood_4,wood,dense,least_squares,4,6,gn_trustregion,true,Success,125920.0,65600,1618,0.0,0.0,0.0,true,,5
wood_4,wood,dense,least_squares,4,6,legacy_default,true,Success,75559.0,22128,246,4.197686648862048e-27,7.105427357601002e-14,1.4219736499399005e-12,true,,5
wood_4,wood,dense,least_squares,4,6,reflective,true,Success,122740.0,57120,1106,3.2234248766590885e-24,1.609823385706477e-12,3.165856465869865e-11,true,,5
wood_4,wood,dense,least_squares,4,6,transformed_lm,true,Success,227189.0,30784,401,1.4411576685130334e-20,1.1319313294372826e-10,9.737011197330503e-11,true,,5
wood_4,wood,dense,least_squares,4,6,transformed_trust_region,true,Success,113029.0,18352,255,2.5746590544837775e-19,5.201594710513291e-10,1.0428760965908168e-8,true,,5
